    ,                          ,Overall ,   ,   ,      ,       ,       , ,Conf. ,  , ,Home ,  , ,Away ,   , ,Points ,     , ,School Advanced ,      ,     ,     ,     ,     ,     ,     ,     ,     ,     ,     ,
Rk  ,School                    ,G       ,W  ,L  ,W-L%  ,SRS    ,SOS    , ,W     ,L , ,W    ,L , ,W    ,L  , ,Tm.    ,Opp. , ,Pace            ,ORtg  ,FTr  ,3PAr ,TS%  ,TRB% ,AST% ,STL% ,BLK% ,eFG% ,TOV% ,ORB% ,FT/FGA
1   ,Abilene Christian         ,12      ,5  ,7  ,.417  ,-3.38  ,0.62   , ,0     ,2 , ,2    ,3 , ,1    ,3  , ,909    ,902  , ,73.8            ,101.6 ,.444 ,.289 ,.531 ,46.9 ,53.9 ,11.2 ,3.8  ,.483 ,16.0 ,26.1 ,.320
2   ,Air Force                 ,12      ,7  ,5  ,.583  ,-4.33  ,-8.50  , ,      ,  , ,4    ,3 , ,3    ,1  , ,830    ,780  , ,65.9            ,103.9 ,.350 ,.457 ,.568 ,48.8 ,64.7 ,11.9 ,14.7 ,.544 ,17.1 ,22.9 ,.238
3   ,Akron                     ,11      ,8  ,3  ,.727  ,3.30   ,0.52   , ,      ,  , ,5    ,0 , ,2    ,1  , ,861    ,735  , ,68.4            ,113.1 ,.329 ,.459 ,.583 ,55.0 ,56.6 ,9.5  ,6.9  ,.555 ,16.5 ,33.9 ,.238
4   ,Alabama                   ,12      ,7  ,5  ,.583  ,24.56  ,9.89   , ,      ,  , ,6    ,1 , ,0    ,1  , ,1106   ,930  , ,73.9            ,124.7 ,.396 ,.466 ,.612 ,53.8 ,52.3 ,10.4 ,11.0 ,.574 ,13.3 ,35.6 ,.307
5   ,Alabama A&M               ,12      ,1  ,11 ,.083  ,-18.59 ,-0.51  , ,      ,  , ,1    ,2 , ,0    ,8  , ,837    ,1054 , ,74.2            ,93.0  ,.453 ,.272 ,.487 ,45.9 ,41.9 ,11.0 ,9.7  ,.429 ,18.0 ,30.0 ,.327
6   ,Alabama State             ,11      ,4  ,7  ,.364  ,-7.88  ,6.23   , ,      ,  , ,2    ,1 , ,0    ,6  , ,794    ,837  , ,72.7            ,98.3  ,.272 ,.365 ,.478 ,49.6 ,47.7 ,11.5 ,11.9 ,.441 ,13.5 ,31.2 ,.199
7   ,Albany (NY)               ,13      ,7  ,6  ,.538  ,-6.31  ,-5.06  , ,      ,  , ,5    ,0 , ,2    ,5  , ,998    ,974  , ,74.8            ,102.7 ,.326 ,.361 ,.531 ,50.9 ,49.0 ,11.0 ,6.9  ,.498 ,16.4 ,31.7 ,.230
8   ,Alcorn State              ,13      ,1  ,12 ,.077  ,-14.84 ,7.08   , ,      ,  , ,1    ,0 , ,0    ,12 , ,888    ,1143 , ,71.4            ,95.7  ,.347 ,.246 ,.487 ,46.6 ,39.8 ,10.3 ,6.0  ,.452 ,14.6 ,28.4 ,.230
9   ,American                  ,12      ,5  ,7  ,.417  ,-9.21  ,-4.58  , ,      ,  , ,4    ,1 , ,1    ,6  , ,871    ,893  , ,65.1            ,110.4 ,.275 ,.468 ,.549 ,52.1 ,58.4 ,9.6  ,5.3  ,.524 ,14.5 ,33.2 ,.195
10  ,Appalachian State         ,12      ,9  ,3  ,.750  ,5.32   ,-1.99  , ,      ,  , ,5    ,0 , ,1    ,2  , ,955    ,768  , ,70.3            ,112.0 ,.293 ,.378 ,.551 ,53.5 ,53.6 ,9.7  ,17.8 ,.530 ,11.8 ,29.7 ,.194
11  ,Arizona                   ,11      ,9  ,2  ,.818  ,32.41  ,10.13  , ,      ,  , ,6    ,0 , ,1    ,0  , ,1018   ,773  , ,76.0            ,119.1 ,.361 ,.313 ,.586 ,59.6 ,62.6 ,12.7 ,10.0 ,.551 ,13.9 ,38.6 ,.271
12  ,Arizona State             ,11      ,6  ,5  ,.545  ,3.81   ,6.44   , ,      ,  , ,5    ,0 , ,0    ,1  , ,736    ,765  , ,71.5            ,93.5  ,.410 ,.359 ,.494 ,45.3 ,53.5 ,11.8 ,9.7  ,.462 ,14.4 ,20.9 ,.255
13  ,Arkansas                  ,12      ,8  ,4  ,.667  ,9.23   ,4.15   , ,      ,  , ,7    ,1 , ,0    ,0  , ,964    ,903  , ,72.5            ,108.6 ,.466 ,.339 ,.574 ,52.0 ,44.0 ,7.5  ,16.7 ,.535 ,15.3 ,27.0 ,.333
14  ,Arkansas State            ,12      ,4  ,8  ,.333  ,-3.32  ,0.35   , ,      ,  , ,2    ,1 , ,1    ,6  , ,891    ,935  , ,71.9            ,103.2 ,.283 ,.455 ,.515 ,50.9 ,55.4 ,7.8  ,10.5 ,.489 ,15.9 ,33.5 ,.192
15  ,Arkansas-Pine Bluff       ,13      ,5  ,8  ,.385  ,-17.25 ,4.19   , ,      ,  , ,4    ,1 , ,1    ,7  , ,1130   ,1161 , ,77.4            ,112.2 ,.328 ,.469 ,.591 ,46.8 ,56.9 ,9.3  ,6.4  ,.557 ,15.1 ,25.8 ,.253
16  ,Army                      ,12      ,3  ,9  ,.250  ,-13.45 ,-7.36  , ,      ,  , ,2    ,4 , ,1    ,5  , ,742    ,774  , ,65.8            ,93.1  ,.238 ,.466 ,.478 ,51.8 ,56.4 ,10.7 ,9.4  ,.466 ,17.0 ,29.5 ,.132
17  ,Auburn                    ,11      ,9  ,2  ,.818  ,18.07  ,1.61   , ,      ,  , ,5    ,0 , ,0    ,1  , ,914    ,733  , ,71.6            ,116.0 ,.415 ,.380 ,.564 ,54.5 ,65.7 ,10.3 ,14.3 ,.522 ,12.8 ,35.3 ,.306
18  ,Austin Peay               ,14      ,7  ,7  ,.500  ,-6.65  ,-1.20  , ,      ,  , ,5    ,1 , ,1    ,5  , ,939    ,900  , ,65.3            ,102.6 ,.248 ,.371 ,.513 ,49.5 ,43.6 ,12.2 ,10.7 ,.490 ,13.2 ,29.0 ,.166
19  ,Ball State                ,12      ,8  ,4  ,.667  ,-5.50  ,-4.10  , ,      ,  , ,7    ,0 , ,1    ,3  , ,900    ,812  , ,68.1            ,110.2 ,.384 ,.363 ,.568 ,53.6 ,47.4 ,8.3  ,8.1  ,.531 ,15.8 ,31.2 ,.281
20  ,Baylor                    ,12      ,10 ,2  ,.833  ,20.59  ,1.23   , ,      ,  , ,7    ,0 , ,0    ,0  , ,1061   ,822  , ,70.0            ,126.3 ,.378 ,.359 ,.629 ,56.1 ,53.5 ,10.6 ,11.8 ,.603 ,15.0 ,39.7 ,.277
21  ,Bellarmine                ,14      ,4  ,10 ,.286  ,-8.43  ,5.76   , ,      ,  , ,3    ,2 , ,1    ,8  , ,942    ,1004 , ,68.3            ,98.5  ,.215 ,.390 ,.516 ,47.5 ,58.7 ,9.3  ,6.6  ,.482 ,14.8 ,23.9 ,.174
22  ,Belmont                   ,13      ,9  ,4  ,.692  ,-0.48  ,0.27   , ,2     ,0 , ,5    ,0 , ,3    ,3  , ,1054   ,1029 , ,73.6            ,109.0 ,.320 ,.380 ,.588 ,48.3 ,50.9 ,11.3 ,7.9  ,.566 ,16.3 ,24.1 ,.222
23  ,Bethune-Cookman           ,11      ,5  ,6  ,.455  ,-13.56 ,-6.67  , ,      ,  , ,4    ,0 , ,1    ,4  , ,826    ,780  , ,75.1            ,100.0 ,.338 ,.340 ,.514 ,49.6 ,45.9 ,17.6 ,8.9  ,.476 ,16.8 ,33.3 ,.241
24  ,Binghamton                ,12      ,7  ,5  ,.583  ,-8.89  ,-4.62  , ,      ,  , ,5    ,0 , ,2    ,5  , ,877    ,870  , ,70.0            ,104.4 ,.364 ,.319 ,.537 ,52.4 ,55.3 ,7.1  ,12.7 ,.507 ,15.4 ,29.6 ,.246
25  ,Boise State               ,12      ,8  ,4  ,.667  ,11.10  ,7.30   , ,      ,  , ,6    ,0 , ,0    ,1  , ,901    ,790  , ,68.6            ,109.3 ,.356 ,.395 ,.553 ,54.3 ,49.5 ,9.1  ,7.2  ,.522 ,14.4 ,30.9 ,.250
26  ,Boston College            ,12      ,9  ,3  ,.750  ,8.98   ,0.40   , ,0     ,1 , ,6    ,1 , ,2    ,0  , ,953    ,850  , ,70.0            ,112.4 ,.285 ,.345 ,.563 ,51.9 ,50.0 ,10.0 ,11.5 ,.531 ,12.4 ,28.9 ,.217
27  ,Boston University         ,12      ,4  ,8  ,.333  ,-9.89  ,-4.70  , ,      ,  , ,2    ,2 , ,2    ,6  , ,783    ,799  , ,67.9            ,96.1  ,.299 ,.408 ,.498 ,51.8 ,52.3 ,10.3 ,7.0  ,.470 ,15.5 ,26.2 ,.197
28  ,Bowling Green State       ,12      ,9  ,3  ,.750  ,-1.53  ,-5.33  , ,      ,  , ,6    ,1 , ,1    ,1  , ,888    ,781  , ,71.5            ,103.5 ,.344 ,.399 ,.532 ,52.2 ,42.1 ,9.4  ,8.1  ,.502 ,14.6 ,27.9 ,.234
29  ,Bradley                   ,12      ,7  ,5  ,.583  ,3.65   ,2.06   , ,0     ,2 , ,4    ,2 , ,1    ,2  , ,865    ,846  , ,67.7            ,104.3 ,.314 ,.412 ,.554 ,48.6 ,48.2 ,10.1 ,9.8  ,.531 ,17.2 ,28.1 ,.212
30  ,Brigham Young             ,12      ,11 ,1  ,.917  ,28.29  ,-0.80  , ,      ,  , ,8    ,0 , ,0    ,1  , ,1081   ,732  , ,71.0            ,126.9 ,.216 ,.498 ,.599 ,59.1 ,66.7 ,9.7  ,7.6  ,.581 ,11.6 ,37.3 ,.159
31  ,Brown                     ,13      ,4  ,9  ,.308  ,-8.48  ,-3.23  , ,      ,  , ,2    ,2 , ,1    ,5  , ,907    ,929  , ,70.1            ,97.6  ,.369 ,.391 ,.497 ,51.7 ,50.2 ,10.2 ,12.8 ,.468 ,16.2 ,31.8 ,.232
32  ,Bryant                    ,14      ,8  ,6  ,.571  ,-3.73  ,-0.82  , ,      ,  , ,4    ,1 , ,3    ,5  , ,1115   ,1055 , ,76.1            ,102.8 ,.283 ,.421 ,.549 ,45.4 ,53.0 ,9.3  ,15.2 ,.530 ,14.5 ,19.3 ,.185
33  ,Bucknell                  ,12      ,3  ,9  ,.250  ,-8.59  ,1.41   , ,      ,  , ,1    ,3 , ,2    ,6  , ,747    ,867  , ,65.0            ,95.8  ,.300 ,.452 ,.530 ,47.2 ,53.1 ,9.1  ,9.8  ,.493 ,19.2 ,23.9 ,.225
34  ,Buffalo                   ,11      ,1  ,10 ,.091  ,-12.65 ,2.65   , ,      ,  , ,1    ,4 , ,0    ,4  , ,744    ,891  , ,72.0            ,93.9  ,.325 ,.427 ,.497 ,51.4 ,49.8 ,8.8  ,11.4 ,.458 ,19.5 ,32.5 ,.230
35  ,Butler                    ,13      ,10 ,3  ,.769  ,14.44  ,3.19   , ,1     ,1 , ,8    ,0 , ,0    ,2  , ,1081   ,920  , ,70.0            ,114.5 ,.285 ,.361 ,.570 ,51.8 ,50.0 ,8.9  ,10.5 ,.536 ,12.6 ,30.5 ,.220
36  ,Cal Poly                  ,12      ,4  ,8  ,.333  ,-11.54 ,-2.35  , ,      ,  , ,3    ,1 , ,0    ,6  , ,781    ,864  , ,65.8            ,95.8  ,.310 ,.299 ,.502 ,46.5 ,37.8 ,8.3  ,11.3 ,.464 ,16.5 ,25.9 ,.224
37  ,Cal State Bakersfield     ,11      ,5  ,6  ,.455  ,-9.13  ,-2.02  , ,      ,  , ,4    ,0 , ,0    ,5  , ,785    ,768  , ,67.1            ,106.4 ,.309 ,.253 ,.516 ,51.1 ,41.3 ,10.4 ,10.2 ,.486 ,14.1 ,36.4 ,.211
38  ,Cal State Fullerton       ,12      ,7  ,5  ,.583  ,-7.62  ,-0.32  , ,      ,  , ,4    ,0 , ,2    ,4  , ,815    ,808  , ,67.9            ,100.0 ,.411 ,.347 ,.533 ,49.6 ,39.4 ,9.6  ,9.5  ,.490 ,17.7 ,28.2 ,.294
39  ,Cal State Northridge      ,12      ,9  ,3  ,.750  ,-2.81  ,-8.61  , ,      ,  , ,5    ,1 , ,4    ,2  , ,962    ,835  , ,75.7            ,105.8 ,.322 ,.252 ,.542 ,58.3 ,46.5 ,11.4 ,11.4 ,.518 ,16.9 ,36.8 ,.214
40  ,California                ,11      ,4  ,7  ,.364  ,1.12   ,1.03   , ,      ,  , ,4    ,2 , ,0    ,1  , ,836    ,835  , ,68.0            ,108.0 ,.309 ,.428 ,.547 ,53.5 ,43.7 ,7.6  ,7.9  ,.514 ,16.0 ,34.2 ,.227
41  ,California Baptist        ,11      ,7  ,4  ,.636  ,-0.69  ,-3.25  , ,1     ,1 , ,5    ,3 , ,2    ,1  , ,774    ,724  , ,67.8            ,103.9 ,.419 ,.371 ,.518 ,54.4 ,46.6 ,7.0  ,5.6  ,.486 ,15.3 ,33.1 ,.271
42  ,Campbell                  ,12      ,6  ,6  ,.500  ,-9.29  ,-3.96  , ,      ,  , ,6    ,2 , ,0    ,4  , ,814    ,753  , ,65.0            ,103.3 ,.399 ,.376 ,.560 ,49.8 ,52.8 ,10.8 ,8.9  ,.526 ,17.2 ,26.4 ,.280
43  ,Canisius                  ,12      ,6  ,6  ,.500  ,1.22   ,1.22   , ,1     ,1 , ,3    ,1 , ,1    ,4  , ,924    ,884  , ,71.5            ,107.7 ,.311 ,.384 ,.554 ,51.0 ,51.7 ,8.9  ,8.2  ,.532 ,16.4 ,32.8 ,.208
44  ,Central Arkansas          ,13      ,3  ,10 ,.231  ,-16.43 ,-5.85  , ,      ,  , ,2    ,4 , ,1    ,6  , ,899    ,983  , ,70.0            ,98.8  ,.295 ,.393 ,.501 ,47.6 ,55.1 ,11.1 ,9.3  ,.463 ,15.9 ,29.7 ,.217
45  ,Central Connecticut State ,12      ,5  ,7  ,.417  ,-7.76  ,-4.49  , ,      ,  , ,2    ,2 , ,3    ,5  , ,856    ,835  , ,69.6            ,102.5 ,.303 ,.321 ,.532 ,48.5 ,54.9 ,10.5 ,12.5 ,.502 ,14.5 ,25.5 ,.212
46  ,Central Florida           ,11      ,8  ,3  ,.727  ,9.43   ,-2.29  , ,      ,  , ,6    ,2 , ,0    ,1  , ,845    ,716  , ,71.4            ,106.3 ,.374 ,.373 ,.528 ,54.0 ,44.7 ,13.0 ,17.2 ,.496 ,14.7 ,33.8 ,.253
47  ,Central Michigan          ,11      ,5  ,6  ,.455  ,-10.90 ,0.50   , ,      ,  , ,3    ,1 , ,1    ,4  , ,750    ,840  , ,69.3            ,98.3  ,.275 ,.344 ,.518 ,48.1 ,45.0 ,9.8  ,9.2  ,.497 ,17.8 ,30.5 ,.178
48  ,Charleston Southern       ,12      ,4  ,8  ,.333  ,-15.26 ,-1.71  , ,      ,  , ,4    ,2 , ,0    ,6  , ,861    ,883  , ,68.3            ,105.0 ,.322 ,.368 ,.554 ,48.9 ,46.6 ,5.7  ,7.7  ,.522 ,15.9 ,26.4 ,.234
49  ,Charlotte                 ,11      ,6  ,5  ,.545  ,6.06   ,4.16   , ,      ,  , ,5    ,1 , ,0    ,2  , ,749    ,683  , ,63.3            ,106.4 ,.288 ,.375 ,.555 ,50.5 ,56.6 ,9.9  ,10.7 ,.521 ,13.7 ,24.3 ,.219
50  ,Chattanooga               ,12      ,8  ,4  ,.667  ,-4.87  ,-7.57  , ,      ,  , ,6    ,1 , ,2    ,3  , ,959    ,826  , ,69.3            ,113.0 ,.334 ,.526 ,.584 ,54.0 ,53.2 ,9.0  ,11.2 ,.552 ,15.1 ,30.3 ,.248
51  ,Chicago State             ,17      ,7  ,10 ,.412  ,-9.54  ,-4.01  , ,      ,  , ,3    ,5 , ,3    ,4  , ,1104   ,1198 , ,67.6            ,95.3  ,.403 ,.359 ,.500 ,47.9 ,44.9 ,14.2 ,8.0  ,.454 ,18.0 ,31.6 ,.283
52  ,Cincinnati                ,12      ,10 ,2  ,.833  ,14.97  ,-1.12  , ,      ,  , ,9    ,0 , ,1    ,1  , ,991    ,798  , ,70.1            ,116.7 ,.296 ,.351 ,.547 ,58.9 ,55.0 ,8.5  ,11.2 ,.523 ,12.0 ,38.9 ,.203
53  ,Clemson                   ,11      ,10 ,1  ,.909  ,17.07  ,5.98   , ,1     ,0 , ,5    ,0 , ,2    ,1  , ,894    ,772  , ,69.7            ,116.6 ,.280 ,.395 ,.591 ,53.0 ,60.2 ,6.5  ,14.7 ,.567 ,13.1 ,28.0 ,.204
54  ,Cleveland State           ,13      ,8  ,5  ,.615  ,-0.38  ,-2.13  , ,1     ,1 , ,7    ,0 , ,1    ,5  , ,990    ,908  , ,69.6            ,109.4 ,.378 ,.308 ,.523 ,49.3 ,42.9 ,13.9 ,12.8 ,.493 ,13.5 ,36.7 ,.248
55  ,Coastal Carolina          ,11      ,3  ,8  ,.273  ,-8.15  ,-2.26  , ,      ,  , ,3    ,7 , ,0    ,1  , ,887    ,874  , ,72.5            ,110.0 ,.314 ,.358 ,.536 ,53.3 ,50.6 ,8.9  ,13.0 ,.519 ,14.8 ,38.1 ,.194
56  ,Colgate                   ,12      ,6  ,6  ,.500  ,0.38   ,4.02   , ,      ,  , ,3    ,1 , ,1    ,4  , ,836    ,798  , ,67.8            ,102.8 ,.219 ,.393 ,.541 ,50.9 ,55.8 ,9.6  ,6.1  ,.523 ,15.2 ,24.8 ,.149
57  ,College of Charleston     ,12      ,8  ,4  ,.667  ,4.14   ,2.89   , ,      ,  , ,5    ,0 , ,2    ,1  , ,925    ,910  , ,72.4            ,106.4 ,.307 ,.483 ,.522 ,50.8 ,52.1 ,9.1  ,9.0  ,.485 ,13.5 ,32.3 ,.226
58  ,Colorado                  ,11      ,9  ,2  ,.818  ,17.40  ,0.21   , ,      ,  , ,7    ,0 , ,0    ,1  , ,948    ,759  , ,71.1            ,119.8 ,.357 ,.306 ,.624 ,58.7 ,62.3 ,10.1 ,6.2  ,.588 ,16.8 ,37.4 ,.282
59  ,Colorado State            ,12      ,11 ,1  ,.917  ,19.05  ,6.60   , ,      ,  , ,6    ,1 , ,2    ,0  , ,995    ,826  , ,69.4            ,119.6 ,.357 ,.388 ,.628 ,50.3 ,68.4 ,10.1 ,8.1  ,.596 ,13.2 ,23.0 ,.278
60  ,Columbia                  ,11      ,8  ,3  ,.727  ,-4.05  ,-7.38  , ,      ,  , ,6    ,1 , ,2    ,2  , ,865    ,740  , ,71.0            ,110.8 ,.326 ,.376 ,.579 ,52.3 ,62.5 ,12.9 ,6.5  ,.539 ,15.5 ,29.8 ,.260
61  ,Connecticut               ,13      ,11 ,2  ,.846  ,18.63  ,-0.14  , ,1     ,1 , ,7    ,0 , ,0    ,2  , ,1079   ,835  , ,67.4            ,123.2 ,.358 ,.413 ,.593 ,57.6 ,60.4 ,9.5  ,13.6 ,.564 ,12.7 ,39.2 ,.260
62  ,Coppin State              ,13      ,1  ,12 ,.077  ,-21.33 ,-2.63  , ,      ,  , ,1    ,2 , ,0    ,9  , ,708    ,951  , ,68.1            ,80.0  ,.288 ,.313 ,.444 ,42.4 ,40.4 ,13.1 ,8.9  ,.400 ,20.9 ,25.5 ,.208
63  ,Cornell                   ,11      ,9  ,2  ,.818  ,0.95   ,-5.25  , ,      ,  , ,2    ,0 , ,5    ,2  , ,939    ,856  , ,75.6            ,112.9 ,.333 ,.472 ,.608 ,51.8 ,59.5 ,11.5 ,6.0  ,.584 ,17.6 ,29.4 ,.240
64  ,Creighton                 ,12      ,9  ,3  ,.750  ,21.69  ,5.36   , ,0     ,1 , ,6    ,1 , ,2    ,1  , ,996    ,800  , ,67.9            ,121.0 ,.278 ,.491 ,.614 ,56.4 ,56.9 ,4.7  ,8.3  ,.590 ,13.7 ,30.3 ,.209
65  ,Dartmouth                 ,12      ,4  ,8  ,.333  ,-14.03 ,-2.73  , ,      ,  , ,4    ,2 , ,0    ,6  , ,747    ,813  , ,67.7            ,92.0  ,.311 ,.457 ,.496 ,49.9 ,50.0 ,7.4  ,9.0  ,.462 ,17.1 ,23.7 ,.215
66  ,Davidson                  ,12      ,9  ,3  ,.750  ,4.01   ,0.61   , ,      ,  , ,7    ,0 , ,1    ,2  , ,875    ,783  , ,64.9            ,112.3 ,.330 ,.454 ,.563 ,51.3 ,52.6 ,10.1 ,6.8  ,.528 ,13.1 ,28.5 ,.246
67  ,Dayton                    ,11      ,9  ,2  ,.818  ,14.42  ,5.61   , ,      ,  , ,5    ,0 , ,1    ,1  , ,815    ,718  , ,63.3            ,117.1 ,.374 ,.458 ,.607 ,50.2 ,63.2 ,8.0  ,12.9 ,.573 ,14.7 ,29.9 ,.284
68  ,Delaware                  ,12      ,8  ,4  ,.667  ,0.45   ,-3.65  , ,      ,  , ,2    ,1 , ,4    ,1  , ,922    ,844  , ,69.1            ,110.0 ,.333 ,.340 ,.553 ,50.4 ,54.4 ,9.8  ,7.7  ,.522 ,13.0 ,28.3 ,.238
69  ,Delaware State            ,15      ,6  ,9  ,.400  ,-12.75 ,-3.82  , ,      ,  , ,2    ,2 , ,2    ,6  , ,1085   ,1121 , ,72.1            ,97.1  ,.333 ,.238 ,.511 ,53.8 ,48.0 ,12.0 ,6.2  ,.474 ,18.2 ,33.5 ,.234
70  ,Denver                    ,13      ,8  ,5  ,.615  ,-0.29  ,0.26   , ,      ,  , ,5    ,0 , ,2    ,4  , ,1085   ,995  , ,71.8            ,116.2 ,.435 ,.360 ,.556 ,51.4 ,48.3 ,8.6  ,9.7  ,.506 ,10.9 ,32.7 ,.330
71  ,DePaul                    ,11      ,2  ,9  ,.182  ,-2.91  ,7.45   , ,0     ,1 , ,2    ,6 , ,0    ,1  , ,733    ,847  , ,69.8            ,95.4  ,.374 ,.377 ,.534 ,46.0 ,59.0 ,7.3  ,9.6  ,.491 ,19.0 ,22.6 ,.274
72  ,Detroit Mercy             ,13      ,0  ,13 ,.000  ,-15.19 ,1.28   , ,0     ,2 , ,0    ,3 , ,0    ,10 , ,798    ,1012 , ,67.6            ,90.8  ,.281 ,.359 ,.480 ,45.8 ,44.7 ,9.6  ,5.5  ,.447 ,17.6 ,26.7 ,.195
73  ,Drake                     ,13      ,11 ,2  ,.846  ,8.75   ,-2.33  , ,2     ,0 , ,7    ,0 , ,1    ,1  , ,1023   ,870  , ,68.5            ,113.8 ,.318 ,.418 ,.575 ,51.5 ,58.4 ,10.0 ,5.7  ,.536 ,12.9 ,28.2 ,.251
74  ,Drexel                    ,13      ,7  ,6  ,.538  ,0.37   ,-1.47  , ,      ,  , ,4    ,1 , ,2    ,5  , ,917    ,827  , ,66.5            ,105.0 ,.272 ,.319 ,.521 ,57.2 ,44.3 ,8.4  ,12.3 ,.492 ,15.5 ,36.8 ,.191
75  ,Duke                      ,11      ,8  ,3  ,.727  ,20.41  ,5.60   , ,0     ,1 , ,6    ,1 , ,0    ,2  , ,894    ,731  , ,68.6            ,118.6 ,.368 ,.346 ,.583 ,53.3 ,56.5 ,9.7  ,9.6  ,.549 ,11.3 ,29.6 ,.271
76  ,Duquesne                  ,11      ,8  ,3  ,.727  ,7.90   ,1.72   , ,      ,  , ,5    ,1 , ,1    ,1  , ,838    ,770  , ,68.6            ,111.1 ,.385 ,.442 ,.552 ,50.9 ,49.3 ,10.9 ,13.0 ,.516 ,13.9 ,33.0 ,.273
77  ,East Carolina             ,12      ,7  ,5  ,.583  ,0.00   ,-3.63  , ,      ,  , ,7    ,3 , ,0    ,1  , ,894    ,824  , ,67.1            ,111.1 ,.407 ,.371 ,.541 ,52.1 ,50.2 ,12.2 ,8.1  ,.503 ,13.5 ,35.3 ,.284
78  ,East Tennessee State      ,12      ,7  ,5  ,.583  ,-5.41  ,-1.81  , ,      ,  , ,5    ,0 , ,1    ,5  , ,853    ,810  , ,70.5            ,100.8 ,.347 ,.422 ,.494 ,50.6 ,46.9 ,10.9 ,11.5 ,.455 ,14.3 ,32.4 ,.242
79  ,Eastern Illinois          ,13      ,6  ,7  ,.462  ,-10.89 ,-0.23  , ,      ,  , ,5    ,1 , ,0    ,6  , ,921    ,842  , ,68.8            ,102.9 ,.234 ,.273 ,.515 ,54.1 ,52.8 ,11.6 ,9.3  ,.488 ,15.2 ,33.0 ,.168
80  ,Eastern Kentucky          ,12      ,4  ,8  ,.333  ,-12.07 ,-0.84  , ,      ,  , ,4    ,3 , ,0    ,5  , ,1016   ,958  , ,76.5            ,109.5 ,.285 ,.368 ,.528 ,53.7 ,51.9 ,11.0 ,17.1 ,.505 ,14.4 ,37.9 ,.188
81  ,Eastern Michigan          ,11      ,6  ,5  ,.545  ,-10.57 ,-1.77  , ,      ,  , ,4    ,1 , ,2    ,3  , ,740    ,813  , ,66.8            ,100.7 ,.312 ,.324 ,.538 ,48.1 ,43.4 ,7.6  ,6.2  ,.511 ,16.1 ,24.8 ,.214
82  ,Eastern Washington        ,11      ,4  ,7  ,.364  ,-5.14  ,7.53   , ,      ,  , ,2    ,0 , ,2    ,7  , ,824    ,818  , ,72.1            ,103.9 ,.300 ,.443 ,.567 ,49.2 ,66.3 ,8.8  ,8.6  ,.542 ,17.3 ,24.8 ,.212
83  ,Elon                      ,12      ,6  ,6  ,.500  ,-10.59 ,-4.59  , ,      ,  , ,4    ,0 , ,0    ,6  , ,965    ,920  , ,70.6            ,113.8 ,.332 ,.380 ,.576 ,51.7 ,47.5 ,8.7  ,9.0  ,.548 ,14.9 ,33.1 ,.239
84  ,Evansville                ,12      ,10 ,2  ,.833  ,2.61   ,-4.11  , ,1     ,1 , ,6    ,0 , ,3    ,2  , ,990    ,846  , ,72.7            ,111.2 ,.311 ,.332 ,.564 ,52.9 ,53.1 ,10.1 ,10.7 ,.533 ,12.6 ,27.0 ,.227
85  ,Fairfield                 ,12      ,6  ,6  ,.500  ,-6.60  ,-5.33  , ,1     ,1 , ,2    ,2 , ,4    ,3  , ,884    ,851  , ,70.3            ,104.9 ,.263 ,.413 ,.541 ,48.5 ,50.5 ,11.3 ,7.5  ,.508 ,15.4 ,28.5 ,.202
86  ,Fairleigh Dickinson       ,13      ,6  ,7  ,.462  ,-16.30 ,-7.66  , ,      ,  , ,3    ,2 , ,3    ,4  , ,1060   ,1053 , ,76.0            ,107.4 ,.338 ,.428 ,.549 ,48.4 ,56.3 ,11.3 ,6.1  ,.519 ,14.6 ,27.8 ,.237
87  ,Florida                   ,12      ,9  ,3  ,.750  ,15.50  ,3.91   , ,      ,  , ,5    ,0 , ,0    ,1  , ,1025   ,886  , ,73.1            ,114.5 ,.390 ,.342 ,.551 ,57.4 ,53.4 ,9.7  ,12.5 ,.525 ,14.9 ,41.5 ,.258
88  ,Florida A&M               ,10      ,2  ,8  ,.200  ,-11.88 ,12.37  , ,      ,  , ,1    ,2 , ,1    ,5  , ,654    ,825  , ,71.0            ,89.8  ,.222 ,.262 ,.487 ,47.0 ,53.6 ,9.5  ,7.9  ,.458 ,18.9 ,26.1 ,.161
89  ,Florida Atlantic          ,12      ,10 ,2  ,.833  ,22.69  ,8.52   , ,      ,  , ,4    ,1 , ,0    ,0  , ,1014   ,844  , ,70.0            ,118.2 ,.348 ,.378 ,.600 ,52.8 ,50.5 ,11.4 ,7.3  ,.579 ,14.6 ,32.3 ,.240
90  ,Florida Gulf Coast        ,14      ,5  ,9  ,.357  ,-8.57  ,0.61   , ,      ,  , ,3    ,1 , ,1    ,5  , ,954    ,1010 , ,65.4            ,103.2 ,.307 ,.396 ,.526 ,51.0 ,49.0 ,8.8  ,10.5 ,.499 ,15.7 ,32.1 ,.206
91  ,Florida International     ,14      ,5  ,9  ,.357  ,-6.98  ,-1.29  , ,      ,  , ,4    ,3 , ,1    ,3  , ,1076   ,1059 , ,74.3            ,103.5 ,.277 ,.406 ,.539 ,48.4 ,56.2 ,15.6 ,10.6 ,.518 ,18.1 ,32.1 ,.185
92  ,Florida State             ,11      ,6  ,5  ,.545  ,8.23   ,5.32   , ,0     ,1 , ,4    ,2 , ,0    ,2  , ,839    ,807  , ,73.3            ,102.8 ,.370 ,.358 ,.523 ,48.8 ,51.0 ,13.1 ,12.9 ,.492 ,15.0 ,30.2 ,.246
93  ,Fordham                   ,12      ,5  ,7  ,.417  ,-2.05  ,-3.46  , ,      ,  , ,3    ,4 , ,0    ,1  , ,861    ,844  , ,72.6            ,97.7  ,.413 ,.394 ,.503 ,50.9 ,55.3 ,12.0 ,11.2 ,.470 ,17.9 ,33.9 ,.264
94  ,Fresno State              ,12      ,6  ,6  ,.500  ,-2.44  ,-0.17  , ,      ,  , ,5    ,2 , ,0    ,2  , ,857    ,871  , ,68.0            ,102.9 ,.336 ,.359 ,.568 ,50.6 ,50.9 ,9.8  ,6.1  ,.547 ,19.0 ,26.8 ,.223
95  ,Furman                    ,12      ,6  ,6  ,.500  ,0.28   ,-0.32  , ,      ,  , ,5    ,0 , ,1    ,4  , ,1027   ,963  , ,75.3            ,111.3 ,.322 ,.482 ,.575 ,53.5 ,61.3 ,9.9  ,7.5  ,.549 ,16.2 ,30.9 ,.229
96  ,Gardner-Webb              ,14      ,5  ,9  ,.357  ,-4.99  ,2.38   , ,      ,  , ,4    ,1 , ,0    ,5  , ,1026   ,1007 , ,71.3            ,101.0 ,.325 ,.372 ,.500 ,52.3 ,44.6 ,8.5  ,7.1  ,.472 ,13.7 ,30.3 ,.210
97  ,George Mason              ,12      ,10 ,2  ,.833  ,6.30   ,-0.61  , ,      ,  , ,7    ,0 , ,2    ,1  , ,885    ,785  , ,66.5            ,110.9 ,.372 ,.370 ,.573 ,54.1 ,47.1 ,7.6  ,12.4 ,.540 ,15.9 ,31.6 ,.270
98  ,George Washington         ,12      ,10 ,2  ,.833  ,3.11   ,-5.43  , ,      ,  , ,8    ,0 , ,0    ,1  , ,982    ,873  , ,74.1            ,107.0 ,.355 ,.422 ,.583 ,51.6 ,50.3 ,8.5  ,13.4 ,.547 ,17.4 ,25.1 ,.268
99  ,Georgetown                ,13      ,7  ,6  ,.538  ,-0.02  ,-1.41  , ,0     ,2 , ,6    ,3 , ,1    ,3  , ,958    ,940  , ,68.6            ,105.4 ,.378 ,.417 ,.539 ,51.8 ,54.3 ,8.8  ,10.1 ,.504 ,17.2 ,34.8 ,.264
100 ,Georgia                   ,12      ,9  ,3  ,.750  ,7.86   ,3.03   , ,      ,  , ,8    ,0 , ,1    ,0  , ,887    ,829  , ,70.5            ,104.8 ,.429 ,.405 ,.536 ,48.7 ,50.7 ,8.4  ,8.5  ,.493 ,13.9 ,26.0 ,.304
101 ,Georgia Southern          ,12      ,0  ,12 ,.000  ,-14.93 ,-1.35  , ,      ,  , ,0    ,2 , ,0    ,7  , ,787    ,950  , ,69.0            ,95.0  ,.252 ,.476 ,.501 ,44.6 ,39.3 ,10.4 ,9.4  ,.471 ,17.9 ,28.2 ,.181
102 ,Georgia State             ,11      ,5  ,6  ,.455  ,-4.57  ,0.10   , ,      ,  , ,3    ,1 , ,2    ,5  , ,868    ,801  , ,71.1            ,109.7 ,.295 ,.377 ,.537 ,51.8 ,47.1 ,8.3  ,8.2  ,.497 ,12.6 ,31.3 ,.230
103 ,Georgia Tech              ,11      ,8  ,3  ,.727  ,4.75   ,3.38   , ,1     ,0 , ,5    ,1 , ,1    ,2  , ,796    ,781  , ,69.9            ,102.3 ,.324 ,.372 ,.503 ,54.7 ,51.7 ,6.9  ,13.8 ,.471 ,15.8 ,37.8 ,.219
104 ,Gonzaga                   ,12      ,9  ,3  ,.750  ,14.94  ,2.12   , ,      ,  , ,6    ,0 , ,0    ,1  , ,1012   ,805  , ,72.1            ,117.0 ,.316 ,.311 ,.568 ,57.6 ,49.5 ,9.8  ,9.9  ,.543 ,13.7 ,38.9 ,.221
105 ,Grambling                 ,12      ,2  ,10 ,.167  ,-16.69 ,5.91   , ,      ,  , ,2    ,0 , ,0    ,8  , ,764    ,935  , ,68.4            ,93.1  ,.301 ,.270 ,.495 ,46.9 ,36.6 ,10.5 ,6.6  ,.461 ,17.1 ,27.8 ,.210
106 ,Grand Canyon              ,11      ,10 ,1  ,.909  ,11.30  ,-0.97  , ,2     ,0 , ,6    ,0 , ,2    ,0  , ,877    ,742  , ,70.0            ,114.0 ,.499 ,.368 ,.573 ,56.3 ,42.8 ,11.4 ,13.5 ,.527 ,15.7 ,38.0 ,.363
107 ,Green Bay                 ,13      ,6  ,7  ,.462  ,-7.18  ,0.10   , ,1     ,1 , ,4    ,1 , ,2    ,5  , ,826    ,857  , ,63.4            ,99.2  ,.250 ,.450 ,.537 ,50.3 ,50.3 ,7.4  ,7.1  ,.515 ,18.5 ,27.6 ,.173
108 ,Hampton                   ,12      ,4  ,8  ,.333  ,-14.30 ,-2.86  , ,      ,  , ,3    ,2 , ,0    ,4  , ,965    ,903  , ,74.9            ,107.3 ,.321 ,.362 ,.551 ,52.9 ,49.7 ,10.5 ,7.4  ,.519 ,16.0 ,32.8 ,.232
109 ,Harvard                   ,11      ,8  ,3  ,.727  ,-0.50  ,-2.00  , ,      ,  , ,5    ,0 , ,3    ,3  , ,818    ,775  , ,68.4            ,107.5 ,.330 ,.394 ,.561 ,48.2 ,54.0 ,7.4  ,12.1 ,.531 ,14.4 ,25.4 ,.237
110 ,Hawaii                    ,11      ,8  ,3  ,.727  ,4.85   ,-2.48  , ,      ,  , ,6    ,2 , ,0    ,0  , ,839    ,732  , ,68.9            ,110.7 ,.365 ,.417 ,.573 ,51.1 ,52.0 ,7.5  ,7.0  ,.545 ,14.3 ,26.8 ,.255
111 ,High Point                ,14      ,10 ,4  ,.714  ,3.55   ,-3.37  , ,      ,  , ,7    ,0 , ,1    ,3  , ,1190   ,1004 , ,69.7            ,120.9 ,.425 ,.426 ,.592 ,58.8 ,46.6 ,7.6  ,9.8  ,.551 ,14.2 ,38.6 ,.321
112 ,Hofstra                   ,12      ,7  ,5  ,.583  ,5.62   ,3.07   , ,      ,  , ,3    ,1 , ,1    ,4  , ,922    ,841  , ,67.7            ,112.3 ,.211 ,.482 ,.587 ,48.9 ,59.9 ,8.9  ,10.7 ,.563 ,14.7 ,25.6 ,.165
113 ,Holy Cross                ,12      ,2  ,10 ,.167  ,-19.52 ,-5.18  , ,      ,  , ,0    ,3 , ,1    ,6  , ,772    ,944  , ,66.1            ,97.4  ,.223 ,.397 ,.509 ,46.2 ,45.7 ,5.9  ,6.6  ,.490 ,16.0 ,25.9 ,.146
114 ,Houston                   ,12      ,12 ,0  ,1.000 ,27.38  ,1.88   , ,      ,  , ,7    ,0 , ,1    ,0  , ,906    ,600  , ,64.9            ,116.3 ,.338 ,.381 ,.528 ,55.8 ,52.5 ,16.9 ,19.5 ,.501 ,11.8 ,41.2 ,.223
115 ,Houston Christian         ,11      ,2  ,9  ,.182  ,-16.70 ,7.86   , ,      ,  , ,2    ,2 , ,0    ,7  , ,766    ,915  , ,76.7            ,90.8  ,.296 ,.258 ,.472 ,50.4 ,45.8 ,8.2  ,8.0  ,.447 ,18.6 ,31.8 ,.183
116 ,Howard                    ,13      ,4  ,9  ,.308  ,-6.00  ,-0.92  , ,      ,  , ,3    ,1 , ,1    ,6  , ,1008   ,1030 , ,71.9            ,104.9 ,.376 ,.370 ,.566 ,51.1 ,50.0 ,8.9  ,7.0  ,.531 ,19.0 ,30.8 ,.273
117 ,Idaho                     ,12      ,6  ,6  ,.500  ,-7.22  ,-2.12  , ,      ,  , ,4    ,2 , ,1    ,4  , ,871    ,832  , ,67.5            ,106.5 ,.284 ,.438 ,.546 ,49.4 ,51.9 ,9.8  ,12.0 ,.518 ,13.9 ,25.4 ,.203
118 ,Idaho State               ,11      ,4  ,7  ,.364  ,-8.69  ,-1.25  , ,      ,  , ,3    ,0 , ,1    ,6  , ,751    ,728  , ,65.9            ,103.6 ,.280 ,.353 ,.550 ,52.2 ,47.4 ,10.8 ,8.9  ,.527 ,17.6 ,30.8 ,.191
119 ,Illinois                  ,11      ,9  ,2  ,.818  ,19.90  ,3.90   , ,1     ,0 , ,6    ,1 , ,1    ,1  , ,891    ,715  , ,71.9            ,112.6 ,.314 ,.417 ,.561 ,57.2 ,42.4 ,6.1  ,9.7  ,.535 ,14.8 ,35.8 ,.219
120 ,Illinois State            ,12      ,8  ,4  ,.667  ,-1.95  ,-3.58  , ,2     ,0 , ,6    ,1 , ,1    ,1  , ,822    ,785  , ,67.9            ,101.0 ,.401 ,.399 ,.522 ,52.2 ,50.0 ,9.6  ,7.8  ,.481 ,16.5 ,30.4 ,.281
121 ,Illinois-Chicago          ,12      ,7  ,5  ,.583  ,4.03   ,-2.06  , ,0     ,1 , ,3    ,3 , ,2    ,1  , ,873    ,755  , ,69.1            ,105.3 ,.259 ,.412 ,.559 ,51.6 ,58.8 ,8.3  ,17.3 ,.542 ,16.6 ,28.1 ,.170
122 ,Incarnate Word            ,11      ,4  ,7  ,.364  ,-11.47 ,-3.97  , ,      ,  , ,2    ,1 , ,2    ,5  , ,824    ,858  , ,73.3            ,102.2 ,.342 ,.409 ,.543 ,49.5 ,47.9 ,8.9  ,10.4 ,.502 ,17.9 ,28.4 ,.257
123 ,Indiana                   ,12      ,9  ,3  ,.750  ,5.59   ,3.51   , ,2     ,0 , ,7    ,1 , ,1    ,0  , ,892    ,867  , ,69.9            ,106.3 ,.446 ,.257 ,.557 ,50.7 ,55.2 ,8.1  ,12.0 ,.522 ,15.1 ,27.5 ,.306
124 ,Indiana State             ,12      ,11 ,1  ,.917  ,15.20  ,-0.98  , ,2     ,0 , ,5    ,0 , ,2    ,1  , ,1058   ,850  , ,73.2            ,120.4 ,.388 ,.466 ,.646 ,51.2 ,59.4 ,9.7  ,5.2  ,.620 ,14.7 ,23.2 ,.291
125 ,Iona                      ,12      ,5  ,7  ,.417  ,-0.57  ,-0.49  , ,1     ,1 , ,3    ,2 , ,1    ,2  , ,861    ,862  , ,69.1            ,103.7 ,.327 ,.397 ,.523 ,48.6 ,55.3 ,13.3 ,9.0  ,.494 ,15.0 ,30.4 ,.219
126 ,Iowa                      ,12      ,7  ,5  ,.583  ,14.01  ,4.92   , ,0     ,2 , ,5    ,1 , ,0    ,3  , ,1039   ,930  , ,74.8            ,115.7 ,.345 ,.314 ,.566 ,50.9 ,62.0 ,10.8 ,9.4  ,.529 ,11.5 ,31.0 ,.259
127 ,Iowa State                ,12      ,10 ,2  ,.833  ,25.75  ,-2.42  , ,      ,  , ,8    ,0 , ,1    ,0  , ,1036   ,698  , ,70.7            ,122.0 ,.449 ,.317 ,.599 ,55.1 ,61.7 ,16.8 ,11.5 ,.569 ,13.1 ,34.3 ,.314
128 ,IUPUI                     ,13      ,4  ,9  ,.308  ,-21.73 ,-4.43  , ,0     ,2 , ,3    ,2 , ,1    ,5  , ,874    ,1009 , ,68.9            ,96.7  ,.368 ,.265 ,.518 ,47.5 ,40.6 ,11.4 ,5.5  ,.469 ,18.0 ,30.1 ,.279
129 ,Jackson State             ,12      ,4  ,8  ,.333  ,-8.83  ,3.17   , ,      ,  , ,0    ,0 , ,2    ,8  , ,831    ,975  , ,71.9            ,96.3  ,.344 ,.338 ,.491 ,48.3 ,52.4 ,10.2 ,10.4 ,.458 ,17.2 ,32.5 ,.227
130 ,Jacksonville              ,13      ,8  ,5  ,.615  ,-11.85 ,-2.12  , ,      ,  , ,5    ,0 , ,2    ,5  , ,978    ,981  , ,72.6            ,102.6 ,.388 ,.337 ,.537 ,52.4 ,43.4 ,12.4 ,9.2  ,.500 ,17.8 ,34.7 ,.269
131 ,Jacksonville State        ,13      ,6  ,7  ,.462  ,-1.22  ,-3.47  , ,      ,  , ,2    ,3 , ,3    ,4  , ,889    ,812  , ,66.2            ,102.3 ,.327 ,.302 ,.521 ,53.7 ,42.5 ,9.4  ,11.2 ,.486 ,16.8 ,33.9 ,.232
132 ,James Madison             ,12      ,12 ,0  ,1.000 ,11.59  ,-3.77  , ,      ,  , ,5    ,0 , ,5    ,0  , ,1111   ,871  , ,75.3            ,119.3 ,.317 ,.383 ,.591 ,53.9 ,52.0 ,12.9 ,9.6  ,.567 ,13.0 ,34.5 ,.225
133 ,Kansas                    ,12      ,11 ,1  ,.917  ,16.78  ,4.05   , ,      ,  , ,7    ,0 , ,1    ,0  , ,949    ,782  , ,70.6            ,112.0 ,.331 ,.308 ,.598 ,53.9 ,73.0 ,10.6 ,13.2 ,.573 ,15.9 ,26.9 ,.239
134 ,Kansas City               ,13      ,5  ,8  ,.385  ,-9.40  ,0.00   , ,      ,  , ,4    ,0 , ,1    ,5  , ,923    ,910  , ,68.0            ,103.4 ,.303 ,.407 ,.513 ,54.3 ,50.6 ,7.8  ,11.2 ,.490 ,16.0 ,36.6 ,.195
135 ,Kansas State              ,12      ,9  ,3  ,.750  ,9.52   ,3.10   , ,      ,  , ,6    ,1 , ,1    ,0  , ,924    ,847  , ,69.3            ,106.6 ,.363 ,.418 ,.533 ,53.1 ,58.7 ,9.7  ,10.9 ,.493 ,16.8 ,37.2 ,.265
136 ,Kennesaw State            ,13      ,9  ,4  ,.692  ,-5.71  ,-5.01  , ,      ,  , ,5    ,0 , ,2    ,4  , ,1110   ,992  , ,77.7            ,108.8 ,.354 ,.447 ,.537 ,50.6 ,55.0 ,10.8 ,11.8 ,.509 ,13.2 ,32.1 ,.236
137 ,Kent State                ,11      ,7  ,4  ,.636  ,5.88   ,1.32   , ,      ,  , ,4    ,2 , ,1    ,1  , ,913    ,809  , ,72.0            ,112.7 ,.399 ,.382 ,.575 ,53.0 ,49.8 ,10.9 ,8.0  ,.531 ,16.0 ,34.9 ,.307
138 ,Kentucky                  ,11      ,9  ,2  ,.818  ,18.07  ,1.16   , ,      ,  , ,6    ,1 , ,1    ,0  , ,997    ,811  , ,74.5            ,120.3 ,.275 ,.380 ,.598 ,51.6 ,57.4 ,12.2 ,15.5 ,.575 ,11.4 ,28.1 ,.202
139 ,La Salle                  ,12      ,9  ,3  ,.750  ,-1.98  ,-3.62  , ,      ,  , ,7    ,0 , ,1    ,3  , ,946    ,862  , ,67.7            ,111.7 ,.263 ,.409 ,.556 ,49.1 ,58.0 ,9.9  ,7.5  ,.530 ,12.2 ,28.2 ,.190
140 ,Lafayette                 ,12      ,1  ,11 ,.083  ,-14.37 ,-0.01  , ,      ,  , ,1    ,4 , ,0    ,5  , ,728    ,870  , ,68.4            ,88.7  ,.214 ,.434 ,.471 ,46.3 ,59.0 ,10.2 ,12.9 ,.448 ,17.3 ,25.4 ,.143
141 ,Lamar                     ,12      ,5  ,7  ,.417  ,-8.62  ,-7.07  , ,      ,  , ,3    ,1 , ,0    ,6  , ,981    ,950  , ,74.9            ,108.0 ,.325 ,.359 ,.548 ,51.8 ,59.4 ,10.0 ,10.4 ,.513 ,15.9 ,34.1 ,.240
142 ,Le Moyne                  ,13      ,5  ,8  ,.385  ,-14.57 ,-3.77  , ,      ,  , ,4    ,0 , ,1    ,8  , ,962    ,953  , ,71.4            ,103.6 ,.236 ,.478 ,.538 ,43.7 ,61.4 ,14.4 ,10.2 ,.511 ,13.5 ,22.2 ,.175
143 ,Lehigh                    ,10      ,2  ,8  ,.200  ,-8.03  ,2.22   , ,      ,  , ,2    ,2 , ,0    ,6  , ,749    ,751  , ,74.7            ,100.3 ,.230 ,.373 ,.519 ,49.9 ,48.1 ,10.4 ,5.9  ,.492 ,15.3 ,26.4 ,.167
144 ,Liberty                   ,13      ,10 ,3  ,.769  ,11.14  ,-0.13  , ,      ,  , ,5    ,1 , ,1    ,1  , ,1030   ,773  , ,65.4            ,121.2 ,.227 ,.469 ,.591 ,54.9 ,59.0 ,8.2  ,5.8  ,.578 ,11.9 ,32.1 ,.152
145 ,Lindenwood                ,13      ,6  ,7  ,.462  ,-15.73 ,-3.13  , ,      ,  , ,3    ,2 , ,1    ,5  , ,878    ,929  , ,69.6            ,97.0  ,.378 ,.306 ,.506 ,48.9 ,34.6 ,8.7  ,8.4  ,.458 ,15.7 ,25.4 ,.279
146 ,Lipscomb                  ,14      ,8  ,6  ,.571  ,0.29   ,-1.63  , ,      ,  , ,5    ,0 , ,1    ,5  , ,1131   ,1023 , ,73.7            ,109.6 ,.274 ,.424 ,.574 ,49.4 ,47.5 ,9.4  ,9.7  ,.549 ,14.5 ,24.7 ,.201
147 ,Little Rock               ,13      ,6  ,7  ,.462  ,-5.49  ,-4.10  , ,      ,  , ,6    ,3 , ,0    ,3  , ,1025   ,1043 , ,72.0            ,107.4 ,.381 ,.344 ,.536 ,48.8 ,50.1 ,8.6  ,10.1 ,.494 ,14.1 ,31.9 ,.279
148 ,Long Beach State          ,12      ,8  ,4  ,.667  ,1.00   ,0.90   , ,      ,  , ,3    ,0 , ,4    ,2  , ,971    ,919  , ,75.9            ,105.5 ,.367 ,.300 ,.542 ,51.2 ,51.0 ,12.3 ,12.3 ,.510 ,15.7 ,31.7 ,.252
149 ,Long Island University    ,11      ,1  ,10 ,.091  ,-19.22 ,-1.13  , ,      ,  , ,0    ,1 , ,0    ,9  , ,685    ,884  , ,72.7            ,85.6  ,.302 ,.335 ,.479 ,43.6 ,45.7 ,9.0  ,4.7  ,.439 ,18.9 ,19.8 ,.216
150 ,Longwood                  ,14      ,12 ,2  ,.857  ,0.06   ,-10.30 , ,      ,  , ,8    ,0 , ,4    ,2  , ,1108   ,862  , ,69.8            ,111.4 ,.404 ,.304 ,.547 ,59.6 ,47.0 ,11.6 ,8.7  ,.519 ,15.4 ,41.5 ,.266
151 ,Louisiana                 ,12      ,7  ,5  ,.583  ,1.18   ,0.08   , ,      ,  , ,4    ,0 , ,1    ,4  , ,941    ,855  , ,69.2            ,113.4 ,.242 ,.391 ,.570 ,48.9 ,47.7 ,13.3 ,12.1 ,.549 ,14.5 ,34.1 ,.173
152 ,Louisiana State           ,12      ,7  ,5  ,.583  ,4.22   ,-0.79  , ,      ,  , ,5    ,2 , ,0    ,1  , ,902    ,842  , ,69.7            ,106.7 ,.412 ,.381 ,.559 ,50.4 ,42.8 ,13.7 ,13.0 ,.523 ,17.2 ,31.9 ,.290
153 ,Louisiana Tech            ,13      ,9  ,4  ,.692  ,7.04   ,1.32   , ,      ,  , ,7    ,0 , ,2    ,4  , ,986    ,826  , ,68.8            ,109.2 ,.413 ,.385 ,.542 ,54.1 ,52.9 ,11.5 ,11.6 ,.506 ,14.6 ,33.6 ,.284
154 ,Louisiana-Monroe          ,10      ,4  ,6  ,.400  ,-13.27 ,-1.15  , ,      ,  , ,3    ,1 , ,1    ,5  , ,712    ,733  , ,70.3            ,101.3 ,.313 ,.336 ,.506 ,52.6 ,59.8 ,11.4 ,10.9 ,.480 ,16.3 ,37.3 ,.201
155 ,Louisville                ,12      ,5  ,7  ,.417  ,-2.20  ,-1.36  , ,0     ,1 , ,5    ,3 , ,0    ,2  , ,895    ,905  , ,71.4            ,103.5 ,.430 ,.302 ,.515 ,52.0 ,43.7 ,8.0  ,8.1  ,.463 ,14.9 ,33.6 ,.316
156 ,Loyola (IL)               ,12      ,7  ,5  ,.583  ,2.13   ,1.32   , ,      ,  , ,6    ,1 , ,0    ,2  , ,892    ,832  , ,70.1            ,106.1 ,.297 ,.427 ,.563 ,52.5 ,64.6 ,8.9  ,15.1 ,.540 ,16.1 ,25.7 ,.206
157 ,Loyola (MD)               ,12      ,2  ,10 ,.167  ,-12.71 ,-3.43  , ,      ,  , ,1    ,3 , ,1    ,6  , ,807    ,875  , ,68.0            ,96.9  ,.280 ,.397 ,.520 ,50.2 ,58.0 ,9.0  ,7.7  ,.498 ,18.4 ,28.4 ,.182
158 ,Loyola Marymount          ,13      ,7  ,6  ,.538  ,3.25   ,-0.33  , ,      ,  , ,5    ,2 , ,1    ,1  , ,979    ,895  , ,69.6            ,108.2 ,.343 ,.417 ,.557 ,53.1 ,47.3 ,6.6  ,7.5  ,.524 ,15.2 ,30.3 ,.246
159 ,Maine                     ,14      ,8  ,6  ,.571  ,-5.88  ,-6.19  , ,      ,  , ,3    ,1 , ,3    ,5  , ,970    ,914  , ,67.8            ,102.2 ,.305 ,.331 ,.541 ,47.6 ,50.7 ,13.4 ,7.5  ,.509 ,14.6 ,22.3 ,.221
160 ,Manhattan                 ,10      ,4  ,6  ,.400  ,-13.62 ,-0.51  , ,1     ,1 , ,2    ,1 , ,2    ,5  , ,662    ,768  , ,71.5            ,91.4  ,.201 ,.376 ,.485 ,45.9 ,55.8 ,11.2 ,4.8  ,.461 ,16.8 ,24.0 ,.141
161 ,Marist                    ,10      ,7  ,3  ,.700  ,-2.76  ,-9.56  , ,2     ,0 , ,3    ,0 , ,4    ,3  , ,672    ,604  , ,66.1            ,101.7 ,.313 ,.386 ,.554 ,50.5 ,52.0 ,11.5 ,10.5 ,.537 ,17.0 ,23.5 ,.199
162 ,Marquette                 ,13      ,10 ,3  ,.769  ,19.17  ,7.01   , ,1     ,1 , ,7    ,0 , ,1    ,2  , ,1020   ,862  , ,70.4            ,111.5 ,.306 ,.428 ,.572 ,48.7 ,56.0 ,12.3 ,7.1  ,.544 ,13.2 ,26.0 ,.224
163 ,Marshall                  ,13      ,5  ,8  ,.385  ,-3.01  ,1.91   , ,      ,  , ,3    ,3 , ,1    ,2  , ,995    ,1021 , ,75.0            ,102.1 ,.313 ,.376 ,.508 ,50.8 ,54.0 ,8.4  ,12.2 ,.471 ,14.3 ,31.7 ,.224
164 ,Maryland                  ,12      ,8  ,4  ,.667  ,7.15   ,-1.60  , ,1     ,1 , ,7    ,0 , ,1    ,2  , ,876    ,771  , ,67.9            ,106.4 ,.495 ,.409 ,.518 ,51.0 ,47.0 ,11.7 ,12.7 ,.466 ,14.3 ,34.9 ,.346
165 ,Maryland-Baltimore County ,14      ,5  ,9  ,.357  ,-13.54 ,-6.46  , ,      ,  , ,4    ,2 , ,1    ,7  , ,1100   ,1173 , ,76.6            ,102.6 ,.276 ,.344 ,.546 ,48.1 ,44.3 ,7.1  ,8.2  ,.525 ,16.8 ,27.0 ,.185
166 ,Maryland-Eastern Shore    ,10      ,2  ,8  ,.200  ,-17.73 ,2.71   , ,      ,  , ,2    ,1 , ,0    ,7  , ,625    ,791  , ,68.6            ,90.1  ,.263 ,.329 ,.466 ,45.4 ,50.0 ,9.5  ,7.2  ,.428 ,15.9 ,27.4 ,.193
167 ,Massachusetts             ,10      ,7  ,3  ,.700  ,9.17   ,-1.73  , ,      ,  , ,5    ,1 , ,0    ,1  , ,843    ,734  , ,72.8            ,114.4 ,.371 ,.365 ,.551 ,51.9 ,60.9 ,13.0 ,8.9  ,.525 ,12.9 ,36.6 ,.246
168 ,Massachusetts-Lowell      ,12      ,8  ,4  ,.667  ,-1.66  ,-6.26  , ,      ,  , ,3    ,1 , ,5    ,3  , ,934    ,795  , ,72.3            ,107.7 ,.316 ,.297 ,.558 ,55.8 ,42.2 ,9.5  ,11.2 ,.524 ,17.4 ,35.2 ,.237
169 ,McNeese State             ,12      ,10 ,2  ,.833  ,7.39   ,-0.61  , ,      ,  , ,7    ,0 , ,2    ,2  , ,963    ,693  , ,66.9            ,119.9 ,.266 ,.316 ,.578 ,54.3 ,46.0 ,16.4 ,10.1 ,.567 ,12.0 ,35.2 ,.168
170 ,Memphis                   ,12      ,10 ,2  ,.833  ,13.68  ,7.27   , ,      ,  , ,5    ,0 , ,3    ,1  , ,950    ,873  , ,72.3            ,108.4 ,.389 ,.391 ,.558 ,48.8 ,46.7 ,12.7 ,11.9 ,.517 ,15.2 ,29.3 ,.287
171 ,Mercer                    ,12      ,6  ,6  ,.500  ,-6.39  ,-2.09  , ,      ,  , ,4    ,2 , ,1    ,3  , ,836    ,863  , ,67.4            ,103.5 ,.306 ,.344 ,.524 ,50.1 ,52.8 ,10.5 ,10.3 ,.501 ,15.1 ,30.7 ,.197
172 ,Merrimack                 ,13      ,6  ,7  ,.462  ,-1.74  ,1.63   , ,      ,  , ,4    ,0 , ,1    ,6  , ,902    ,914  , ,69.5            ,98.9  ,.338 ,.412 ,.536 ,45.2 ,49.4 ,14.4 ,8.4  ,.498 ,17.9 ,25.9 ,.248
173 ,Miami (FL)                ,11      ,9  ,2  ,.818  ,11.96  ,-0.67  , ,1     ,0 , ,7    ,0 , ,0    ,1  , ,921    ,782  , ,72.0            ,116.3 ,.286 ,.378 ,.613 ,53.0 ,51.8 ,11.0 ,11.0 ,.582 ,16.2 ,30.9 ,.228
174 ,Miami (OH)                ,11      ,5  ,6  ,.455  ,-5.16  ,-0.16  , ,      ,  , ,4    ,1 , ,1    ,5  , ,779    ,790  , ,68.9            ,102.8 ,.360 ,.425 ,.559 ,46.2 ,59.1 ,8.4  ,5.6  ,.526 ,16.8 ,22.5 ,.257
175 ,Michigan                  ,12      ,6  ,6  ,.500  ,11.94  ,6.61   , ,1     ,1 , ,3    ,2 , ,2    ,1  , ,1005   ,941  , ,70.7            ,114.9 ,.325 ,.392 ,.590 ,52.5 ,46.0 ,6.6  ,9.7  ,.567 ,15.6 ,34.2 ,.228
176 ,Michigan State            ,12      ,7  ,5  ,.583  ,19.66  ,6.91   , ,0     ,2 , ,6    ,2 , ,0    ,1  , ,917    ,764  , ,67.9            ,111.3 ,.329 ,.323 ,.558 ,51.3 ,65.0 ,10.6 ,14.2 ,.533 ,13.7 ,30.4 ,.224
177 ,Middle Tennessee          ,13      ,5  ,8  ,.385  ,-6.57  ,-0.07  , ,      ,  , ,4    ,4 , ,0    ,2  , ,824    ,876  , ,64.8            ,95.2  ,.315 ,.382 ,.487 ,50.2 ,42.4 ,8.8  ,12.0 ,.457 ,17.3 ,31.7 ,.207
178 ,Milwaukee                 ,12      ,5  ,7  ,.417  ,-11.05 ,-2.65  , ,0     ,1 , ,3    ,2 , ,1    ,4  , ,898    ,935  , ,69.2            ,107.2 ,.318 ,.438 ,.512 ,49.6 ,49.0 ,9.9  ,11.6 ,.480 ,13.5 ,35.4 ,.219
179 ,Minnesota                 ,12      ,9  ,3  ,.750  ,9.44   ,-4.40  , ,1     ,1 , ,9    ,1 , ,0    ,1  , ,966    ,800  , ,69.3            ,116.2 ,.344 ,.395 ,.591 ,55.3 ,68.7 ,9.4  ,11.4 ,.565 ,15.8 ,35.3 ,.243
180 ,Mississippi               ,12      ,12 ,0  ,1.000 ,7.30   ,-1.71  , ,      ,  , ,8    ,0 , ,2    ,0  , ,911    ,803  , ,68.5            ,110.8 ,.354 ,.332 ,.561 ,48.8 ,61.3 ,13.4 ,17.2 ,.525 ,13.5 ,29.5 ,.260
181 ,Mississippi State         ,12      ,10 ,2  ,.833  ,14.59  ,1.84   , ,      ,  , ,4    ,1 , ,0    ,1  , ,906    ,753  , ,69.4            ,108.8 ,.380 ,.423 ,.547 ,56.3 ,60.1 ,11.8 ,10.8 ,.508 ,15.4 ,35.2 ,.275
182 ,Mississippi Valley State  ,12      ,0  ,12 ,.000  ,-27.81 ,7.69   , ,      ,  , ,0    ,0 , ,0    ,12 , ,585    ,1011 , ,65.8            ,73.3  ,.279 ,.242 ,.416 ,42.7 ,39.3 ,9.5  ,3.5  ,.393 ,22.9 ,27.6 ,.156
183 ,Missouri                  ,12      ,7  ,5  ,.583  ,5.27   ,2.35   , ,      ,  , ,5    ,2 , ,2    ,1  , ,903    ,868  , ,69.4            ,108.4 ,.271 ,.443 ,.554 ,46.4 ,50.5 ,12.4 ,16.8 ,.522 ,14.1 ,27.3 ,.206
184 ,Missouri State            ,13      ,9  ,4  ,.692  ,4.76   ,-1.55  , ,1     ,1 , ,5    ,0 , ,1    ,4  , ,957    ,875  , ,70.0            ,104.1 ,.367 ,.419 ,.552 ,55.0 ,50.3 ,6.2  ,11.2 ,.515 ,16.5 ,29.2 ,.267
185 ,Monmouth                  ,12      ,7  ,5  ,.583  ,-2.45  ,-1.36  , ,      ,  , ,4    ,1 , ,1    ,4  , ,872    ,885  , ,69.4            ,104.7 ,.328 ,.354 ,.538 ,48.5 ,51.1 ,11.2 ,8.7  ,.507 ,15.4 ,29.6 ,.230
186 ,Montana                   ,11      ,7  ,4  ,.636  ,2.74   ,4.74   , ,      ,  , ,5    ,1 , ,2    ,3  , ,838    ,761  , ,69.1            ,110.3 ,.297 ,.351 ,.553 ,52.5 ,57.0 ,7.4  ,7.6  ,.520 ,13.5 ,28.8 ,.223
187 ,Montana State             ,11      ,5  ,6  ,.455  ,-4.69  ,0.44   , ,      ,  , ,4    ,3 , ,1    ,3  , ,813    ,797  , ,70.0            ,103.2 ,.255 ,.489 ,.553 ,45.2 ,51.2 ,11.9 ,6.3  ,.525 ,14.8 ,20.7 ,.189
188 ,Morehead State            ,13      ,9  ,4  ,.692  ,-0.59  ,3.63   , ,      ,  , ,6    ,0 , ,3    ,4  , ,1014   ,824  , ,68.1            ,114.6 ,.263 ,.445 ,.566 ,58.3 ,57.0 ,7.8  ,15.1 ,.547 ,16.0 ,40.1 ,.180
189 ,Morgan State              ,14      ,4  ,10 ,.286  ,-15.12 ,3.61   , ,      ,  , ,4    ,2 , ,0    ,6  , ,1044   ,1114 , ,73.1            ,102.0 ,.230 ,.279 ,.530 ,49.2 ,45.4 ,8.1  ,7.5  ,.506 ,16.6 ,30.3 ,.163
190 ,Mount St. Mary's          ,12      ,5  ,7  ,.417  ,-4.95  ,-8.20  , ,1     ,1 , ,3    ,1 , ,2    ,6  , ,887    ,848  , ,69.5            ,103.1 ,.281 ,.319 ,.542 ,52.1 ,52.7 ,11.9 ,11.4 ,.516 ,17.9 ,33.3 ,.197
191 ,Murray State              ,12      ,3  ,9  ,.250  ,-6.13  ,-0.40  , ,1     ,1 , ,3    ,3 , ,0    ,4  , ,855    ,885  , ,66.6            ,105.8 ,.338 ,.398 ,.523 ,49.0 ,50.2 ,7.8  ,7.8  ,.489 ,12.1 ,28.5 ,.236
192 ,Navy                      ,10      ,3  ,7  ,.300  ,-7.24  ,-5.46  , ,      ,  , ,3    ,1 , ,0    ,6  , ,673    ,631  , ,67.9            ,97.8  ,.302 ,.356 ,.483 ,51.1 ,54.6 ,12.4 ,4.5  ,.443 ,14.6 ,32.2 ,.220
193 ,NC State                  ,12      ,9  ,3  ,.750  ,9.45   ,-0.22  , ,1     ,0 , ,7    ,0 , ,1    ,1  , ,958    ,842  , ,70.2            ,112.6 ,.306 ,.364 ,.550 ,49.5 ,49.3 ,11.4 ,7.5  ,.525 ,11.3 ,29.4 ,.209
194 ,Nebraska                  ,12      ,10 ,2  ,.833  ,11.30  ,0.55   , ,1     ,1 , ,8    ,1 , ,1    ,1  , ,918    ,789  , ,68.2            ,112.1 ,.345 ,.446 ,.549 ,53.3 ,58.3 ,7.7  ,7.0  ,.511 ,13.2 ,34.1 ,.256
195 ,Nevada                    ,12      ,11 ,1  ,.917  ,14.73  ,0.32   , ,      ,  , ,7    ,0 , ,2    ,0  , ,951    ,778  , ,70.0            ,113.2 ,.480 ,.300 ,.570 ,52.3 ,53.0 ,7.9  ,12.3 ,.522 ,12.0 ,26.6 ,.356
196 ,Nevada-Las Vegas          ,10      ,5  ,5  ,.500  ,7.22   ,5.12   , ,      ,  , ,4    ,2 , ,1    ,0  , ,731    ,710  , ,65.7            ,108.6 ,.257 ,.361 ,.555 ,46.6 ,48.9 ,10.8 ,10.7 ,.529 ,13.3 ,26.6 ,.187
197 ,New Hampshire             ,12      ,8  ,4  ,.667  ,-3.05  ,-3.69  , ,      ,  , ,5    ,0 , ,3    ,4  , ,947    ,863  , ,75.0            ,105.2 ,.310 ,.433 ,.529 ,49.5 ,52.8 ,10.6 ,5.0  ,.496 ,12.5 ,24.8 ,.222
198 ,New Mexico                ,12      ,11 ,1  ,.917  ,16.80  ,0.72   , ,      ,  , ,6    ,0 , ,1    ,1  , ,1012   ,819  , ,74.6            ,113.1 ,.380 ,.281 ,.551 ,53.8 ,52.2 ,13.1 ,11.4 ,.519 ,12.6 ,33.6 ,.262
199 ,New Mexico State          ,14      ,5  ,9  ,.357  ,-8.21  ,6.20   , ,      ,  , ,5    ,1 , ,0    ,6  , ,997    ,1031 , ,70.9            ,98.7  ,.388 ,.351 ,.534 ,50.2 ,53.5 ,9.9  ,8.9  ,.495 ,17.0 ,26.8 ,.274
200 ,New Orleans               ,12      ,5  ,7  ,.417  ,-12.16 ,2.97   , ,      ,  , ,4    ,0 , ,1    ,6  , ,916    ,916  , ,75.3            ,100.3 ,.339 ,.280 ,.509 ,47.4 ,43.3 ,11.3 ,7.8  ,.463 ,14.3 ,28.5 ,.257
201 ,Niagara                   ,11      ,3  ,8  ,.273  ,-12.40 ,-4.20  , ,0     ,2 , ,2    ,4 , ,1    ,4  , ,806    ,839  , ,68.5            ,105.8 ,.314 ,.306 ,.557 ,48.0 ,48.5 ,6.4  ,5.6  ,.520 ,14.1 ,24.1 ,.240
202 ,Nicholls State            ,12      ,4  ,8  ,.333  ,-5.32  ,4.48   , ,      ,  , ,2    ,0 , ,2    ,6  , ,865    ,919  , ,69.1            ,101.2 ,.359 ,.422 ,.527 ,46.0 ,40.8 ,10.3 ,12.2 ,.487 ,15.4 ,25.7 ,.260
203 ,NJIT                      ,11      ,3  ,8  ,.273  ,-18.00 ,-4.40  , ,      ,  , ,2    ,2 , ,1    ,6  , ,796    ,856  , ,69.8            ,103.6 ,.352 ,.432 ,.525 ,47.4 ,50.6 ,9.1  ,6.1  ,.488 ,15.1 ,30.9 ,.249
204 ,Norfolk State             ,15      ,9  ,6  ,.600  ,-2.47  ,-2.31  , ,      ,  , ,5    ,0 , ,2    ,4  , ,1136   ,1001 , ,68.3            ,110.8 ,.398 ,.348 ,.558 ,51.2 ,46.3 ,13.9 ,10.5 ,.516 ,14.2 ,33.1 ,.296
205 ,North Alabama             ,13      ,6  ,7  ,.462  ,-6.73  ,-3.82  , ,      ,  , ,5    ,1 , ,1    ,6  , ,1012   ,967  , ,70.5            ,107.2 ,.323 ,.361 ,.548 ,50.2 ,46.1 ,9.1  ,8.1  ,.511 ,14.5 ,28.4 ,.243
206 ,North Carolina            ,11      ,8  ,3  ,.727  ,18.95  ,8.86   , ,1     ,0 , ,5    ,0 , ,0    ,0  , ,930    ,819  , ,72.9            ,114.7 ,.455 ,.355 ,.571 ,51.7 ,49.7 ,8.0  ,11.9 ,.521 ,12.6 ,30.6 ,.346
207 ,North Carolina A&T        ,12      ,2  ,10 ,.167  ,-15.78 ,-0.53  , ,      ,  , ,0    ,2 , ,1    ,5  , ,832    ,1015 , ,70.7            ,98.0  ,.364 ,.399 ,.499 ,41.4 ,51.6 ,8.7  ,8.2  ,.454 ,12.8 ,22.7 ,.263
208 ,North Carolina Central    ,14      ,7  ,7  ,.500  ,-7.70  ,-0.61  , ,      ,  , ,4    ,1 , ,3    ,5  , ,1056   ,966  , ,70.2            ,106.5 ,.382 ,.369 ,.535 ,48.1 ,48.0 ,13.2 ,8.7  ,.501 ,14.0 ,29.8 ,.263
209 ,North Dakota              ,13      ,8  ,5  ,.615  ,-9.28  ,-5.58  , ,      ,  , ,4    ,1 , ,2    ,4  , ,978    ,903  , ,69.0            ,107.9 ,.302 ,.421 ,.537 ,52.6 ,46.2 ,9.4  ,8.5  ,.509 ,14.2 ,32.6 ,.210
210 ,North Dakota State        ,13      ,7  ,6  ,.538  ,-4.55  ,2.05   , ,      ,  , ,5    ,0 , ,2    ,5  , ,998    ,914  , ,67.7            ,111.3 ,.292 ,.357 ,.560 ,53.1 ,44.2 ,8.1  ,4.1  ,.538 ,13.6 ,30.6 ,.201
211 ,North Florida             ,14      ,7  ,7  ,.500  ,-10.15 ,-4.15  , ,      ,  , ,6    ,2 , ,1    ,5  , ,1097   ,1033 , ,71.7            ,109.3 ,.257 ,.560 ,.549 ,50.3 ,51.1 ,9.8  ,7.3  ,.521 ,14.3 ,28.9 ,.191
212 ,North Texas               ,11      ,6  ,5  ,.545  ,7.65   ,0.55   , ,      ,  , ,5    ,0 , ,0    ,1  , ,750    ,650  , ,62.6            ,107.8 ,.305 ,.404 ,.551 ,52.6 ,43.7 ,11.2 ,8.7  ,.513 ,16.9 ,35.0 ,.236
213 ,Northeastern              ,12      ,5  ,7  ,.417  ,-1.75  ,-0.75  , ,      ,  , ,2    ,1 , ,2    ,5  , ,875    ,887  , ,66.1            ,110.3 ,.384 ,.353 ,.568 ,52.9 ,54.2 ,9.3  ,8.5  ,.530 ,16.5 ,34.0 ,.284
214 ,Northern Arizona          ,12      ,6  ,6  ,.500  ,-8.85  ,0.40   , ,      ,  , ,2    ,0 , ,3    ,5  , ,793    ,904  , ,71.1            ,93.0  ,.263 ,.373 ,.513 ,44.8 ,56.0 ,8.7  ,9.4  ,.496 ,17.9 ,21.1 ,.163
215 ,Northern Colorado         ,11      ,5  ,6  ,.455  ,-5.82  ,-0.04  , ,      ,  , ,3    ,1 , ,1    ,4  , ,846    ,848  , ,71.8            ,103.7 ,.344 ,.437 ,.542 ,49.3 ,50.7 ,9.6  ,5.3  ,.507 ,15.1 ,24.9 ,.247
216 ,Northern Illinois         ,11      ,6  ,5  ,.545  ,-1.12  ,4.33   , ,      ,  , ,3    ,2 , ,2    ,3  , ,885    ,838  , ,73.2            ,109.9 ,.424 ,.371 ,.564 ,50.1 ,40.7 ,8.9  ,13.1 ,.539 ,14.8 ,29.8 ,.277
217 ,Northern Iowa             ,13      ,6  ,7  ,.462  ,3.88   ,2.88   , ,0     ,2 , ,4    ,1 , ,1    ,4  , ,1011   ,959  , ,68.8            ,110.9 ,.340 ,.412 ,.583 ,51.5 ,52.8 ,8.7  ,5.5  ,.557 ,14.7 ,24.8 ,.240
218 ,Northern Kentucky         ,13      ,7  ,6  ,.538  ,-4.97  ,-2.97  , ,2     ,0 , ,5    ,1 , ,2    ,5  , ,953    ,923  , ,69.9            ,104.8 ,.386 ,.311 ,.549 ,48.2 ,55.7 ,13.2 ,7.9  ,.518 ,15.6 ,28.8 ,.265
219 ,Northwestern              ,11      ,9  ,2  ,.818  ,10.80  ,1.07   , ,1     ,0 , ,6    ,1 , ,1    ,0  , ,801    ,694  , ,64.6            ,111.4 ,.281 ,.373 ,.555 ,48.8 ,61.7 ,12.8 ,12.2 ,.530 ,11.9 ,27.0 ,.200
220 ,Northwestern State        ,12      ,2  ,10 ,.167  ,-20.92 ,-1.42  , ,      ,  , ,2    ,2 , ,0    ,6  , ,844    ,968  , ,70.5            ,99.8  ,.283 ,.389 ,.499 ,44.6 ,44.0 ,10.4 ,8.9  ,.473 ,14.5 ,30.5 ,.186
221 ,Notre Dame                ,12      ,5  ,7  ,.417  ,-2.11  ,1.89   , ,0     ,1 , ,4    ,3 , ,0    ,3  , ,751    ,799  , ,65.2            ,94.1  ,.280 ,.449 ,.491 ,51.1 ,45.5 ,9.0  ,7.8  ,.454 ,17.3 ,29.2 ,.204
222 ,Oakland                   ,13      ,6  ,7  ,.462  ,3.71   ,5.71   , ,1     ,1 , ,1    ,2 , ,3    ,4  , ,930    ,956  , ,67.7            ,105.6 ,.246 ,.391 ,.534 ,49.5 ,44.8 ,10.0 ,5.1  ,.508 ,14.1 ,29.1 ,.177
223 ,Ohio                      ,11      ,6  ,5  ,.545  ,-0.93  ,-4.03  , ,      ,  , ,4    ,2 , ,0    ,2  , ,883    ,772  , ,69.9            ,112.3 ,.305 ,.382 ,.549 ,50.8 ,47.0 ,10.1 ,10.2 ,.519 ,11.7 ,32.3 ,.219
224 ,Ohio State                ,12      ,10 ,2  ,.833  ,18.10  ,2.77   , ,1     ,1 , ,7    ,1 , ,0    ,1  , ,953    ,769  , ,67.5            ,117.7 ,.373 ,.365 ,.577 ,55.2 ,56.7 ,8.8  ,11.1 ,.536 ,14.0 ,36.9 ,.285
225 ,Oklahoma                  ,11      ,10 ,1  ,.909  ,18.43  ,-1.48  , ,      ,  , ,7    ,0 , ,0    ,0  , ,913    ,694  , ,71.3            ,116.5 ,.349 ,.374 ,.600 ,57.0 ,47.7 ,10.7 ,11.2 ,.565 ,16.4 ,35.7 ,.268
226 ,Oklahoma State            ,11      ,6  ,5  ,.545  ,7.77   ,-0.14  , ,      ,  , ,5    ,2 , ,0    ,1  , ,822    ,735  , ,69.2            ,106.8 ,.266 ,.437 ,.552 ,53.6 ,61.3 ,9.4  ,7.5  ,.535 ,16.0 ,30.0 ,.174
227 ,Old Dominion              ,11      ,4  ,7  ,.364  ,-4.26  ,2.54   , ,      ,  , ,3    ,2 , ,0    ,4  , ,790    ,844  , ,69.3            ,102.5 ,.261 ,.323 ,.518 ,48.3 ,39.6 ,10.5 ,9.4  ,.493 ,13.8 ,28.2 ,.178
228 ,Omaha                     ,13      ,6  ,7  ,.462  ,-10.51 ,-2.84  , ,      ,  , ,5    ,0 , ,0    ,6  , ,939    ,904  , ,68.9            ,104.8 ,.405 ,.355 ,.539 ,50.4 ,40.6 ,9.4  ,5.0  ,.497 ,14.7 ,26.9 ,.293
229 ,Oral Roberts              ,11      ,5  ,6  ,.455  ,-1.59  ,5.03   , ,      ,  , ,5    ,0 , ,0    ,6  , ,819    ,796  , ,68.1            ,108.0 ,.286 ,.462 ,.552 ,44.8 ,47.2 ,9.6  ,11.1 ,.527 ,11.8 ,22.6 ,.201
230 ,Oregon                    ,11      ,8  ,3  ,.727  ,12.19  ,4.10   , ,      ,  , ,6    ,0 , ,1    ,0  , ,869    ,780  , ,70.8            ,110.4 ,.374 ,.360 ,.556 ,51.8 ,50.8 ,11.1 ,9.3  ,.531 ,13.4 ,29.3 ,.249
231 ,Oregon State              ,11      ,8  ,3  ,.727  ,0.09   ,0.99   , ,      ,  , ,8    ,0 , ,0    ,0  , ,787    ,760  , ,66.8            ,101.3 ,.417 ,.342 ,.539 ,51.0 ,50.2 ,9.0  ,12.1 ,.489 ,17.1 ,28.9 ,.315
232 ,Pacific                   ,14      ,5  ,9  ,.357  ,-19.53 ,-6.45  , ,      ,  , ,4    ,4 , ,1    ,5  , ,893    ,1041 , ,70.5            ,89.7  ,.340 ,.406 ,.499 ,44.4 ,62.3 ,9.6  ,4.2  ,.476 ,17.9 ,18.9 ,.206
233 ,Penn State                ,12      ,6  ,6  ,.500  ,6.55   ,1.05   , ,1     ,1 , ,6    ,1 , ,0    ,1  , ,917    ,851  , ,70.3            ,106.5 ,.344 ,.417 ,.534 ,46.1 ,43.7 ,12.5 ,8.2  ,.497 ,13.3 ,28.7 ,.248
234 ,Pennsylvania              ,13      ,8  ,5  ,.615  ,0.30   ,-1.70  , ,      ,  , ,7    ,1 , ,1    ,2  , ,1052   ,931  , ,67.4            ,115.6 ,.303 ,.414 ,.576 ,54.5 ,59.1 ,9.6  ,8.6  ,.558 ,14.8 ,35.0 ,.202
235 ,Pepperdine                ,14      ,6  ,8  ,.429  ,-1.44  ,0.02   , ,      ,  , ,6    ,2 , ,0    ,3  , ,999    ,1006 , ,69.1            ,103.3 ,.282 ,.298 ,.525 ,52.0 ,50.5 ,7.7  ,7.8  ,.498 ,15.5 ,31.3 ,.195
236 ,Pittsburgh                ,12      ,9  ,3  ,.750  ,16.53  ,-1.14  , ,0     ,1 , ,7    ,2 , ,1    ,0  , ,973    ,761  , ,69.7            ,116.4 ,.355 ,.451 ,.555 ,56.7 ,56.4 ,9.7  ,15.1 ,.527 ,11.7 ,35.0 ,.243
237 ,Portland                  ,14      ,6  ,8  ,.429  ,-7.21  ,0.63   , ,      ,  , ,5    ,2 , ,1    ,4  , ,1058   ,1112 , ,72.0            ,105.0 ,.347 ,.415 ,.559 ,50.2 ,53.4 ,7.6  ,9.2  ,.525 ,17.1 ,27.6 ,.254
238 ,Portland State            ,12      ,9  ,3  ,.750  ,-0.12  ,-1.90  , ,      ,  , ,4    ,0 , ,4    ,2  , ,886    ,803  , ,68.8            ,106.2 ,.297 ,.397 ,.515 ,50.9 ,53.9 ,9.8  ,10.3 ,.487 ,12.3 ,30.4 ,.202
239 ,Prairie View              ,11      ,5  ,6  ,.455  ,-9.73  ,3.27   , ,      ,  , ,2    ,0 , ,2    ,6  , ,783    ,846  , ,75.5            ,94.3  ,.333 ,.265 ,.487 ,46.5 ,40.1 ,13.5 ,6.7  ,.437 ,15.5 ,28.0 ,.255
240 ,Presbyterian              ,14      ,7  ,7  ,.500  ,-10.92 ,-7.42  , ,      ,  , ,3    ,3 , ,3    ,3  , ,1084   ,1017 , ,71.2            ,107.9 ,.379 ,.336 ,.568 ,50.5 ,52.4 ,9.1  ,8.8  ,.548 ,14.8 ,24.9 ,.245
241 ,Princeton                 ,12      ,11 ,1  ,.917  ,11.29  ,1.49   , ,      ,  , ,5    ,0 , ,5    ,1  , ,932    ,751  , ,64.9            ,119.6 ,.233 ,.489 ,.590 ,53.8 ,54.3 ,10.0 ,7.9  ,.563 ,13.1 ,33.4 ,.186
242 ,Providence                ,13      ,11 ,2  ,.846  ,13.37  ,2.07   , ,2     ,0 , ,10   ,0 , ,0    ,1  , ,978    ,831  , ,70.1            ,105.3 ,.329 ,.436 ,.564 ,53.1 ,53.6 ,8.3  ,13.9 ,.540 ,17.1 ,27.2 ,.224
243 ,Purdue                    ,12      ,11 ,1  ,.917  ,29.08  ,11.08  , ,1     ,1 , ,6    ,0 , ,0    ,1  , ,1048   ,832  , ,72.4            ,119.5 ,.438 ,.360 ,.601 ,57.4 ,63.2 ,9.0  ,12.4 ,.568 ,14.2 ,35.3 ,.316
244 ,Purdue Fort Wayne         ,13      ,11 ,2  ,.846  ,3.66   ,-4.71  , ,2     ,0 , ,6    ,0 , ,3    ,2  , ,1089   ,870  , ,73.7            ,113.7 ,.311 ,.407 ,.583 ,47.0 ,44.6 ,13.6 ,8.6  ,.562 ,12.1 ,23.2 ,.215
245 ,Queens (NC)               ,14      ,6  ,8  ,.429  ,-9.59  ,0.50   , ,      ,  , ,5    ,1 , ,0    ,7  , ,1130   ,1138 , ,74.3            ,108.7 ,.306 ,.451 ,.538 ,50.6 ,52.9 ,9.2  ,7.1  ,.507 ,13.8 ,31.9 ,.218
246 ,Quinnipiac                ,12      ,9  ,3  ,.750  ,-5.91  ,-8.36  , ,1     ,1 , ,5    ,1 , ,4    ,2  , ,943    ,848  , ,72.4            ,107.5 ,.357 ,.360 ,.561 ,54.1 ,56.7 ,9.6  ,10.9 ,.515 ,15.5 ,30.3 ,.282
247 ,Radford                   ,14      ,10 ,4  ,.714  ,-0.03  ,-2.11  , ,      ,  , ,5    ,0 , ,2    ,4  , ,1045   ,936  , ,67.3            ,110.8 ,.283 ,.361 ,.560 ,53.2 ,45.6 ,9.1  ,11.2 ,.530 ,15.0 ,32.9 ,.212
248 ,Rhode Island              ,12      ,5  ,7  ,.417  ,-3.73  ,0.09   , ,      ,  , ,5    ,2 , ,0    ,2  , ,864    ,868  , ,68.3            ,105.5 ,.346 ,.300 ,.537 ,53.4 ,48.9 ,7.8  ,9.0  ,.521 ,16.4 ,34.2 ,.208
249 ,Rice                      ,13      ,6  ,7  ,.462  ,-2.29  ,1.29   , ,      ,  , ,5    ,2 , ,1    ,2  , ,960    ,959  , ,70.3            ,105.0 ,.297 ,.393 ,.534 ,51.1 ,53.4 ,8.9  ,9.4  ,.505 ,14.7 ,29.5 ,.208
250 ,Richmond                  ,12      ,7  ,5  ,.583  ,7.65   ,-0.60  , ,      ,  , ,6    ,0 , ,0    ,3  , ,916    ,817  , ,69.0            ,110.6 ,.242 ,.362 ,.567 ,47.0 ,45.8 ,10.1 ,8.6  ,.547 ,10.5 ,18.3 ,.171
251 ,Rider                     ,12      ,3  ,9  ,.250  ,-10.07 ,-1.34  , ,0     ,2 , ,2    ,2 , ,1    ,7  , ,861    ,911  , ,70.3            ,100.0 ,.293 ,.294 ,.481 ,53.5 ,46.7 ,9.2  ,11.9 ,.447 ,14.3 ,35.6 ,.203
252 ,Robert Morris             ,13      ,4  ,9  ,.308  ,-7.84  ,-1.30  , ,0     ,2 , ,3    ,4 , ,1    ,5  , ,941    ,954  , ,71.3            ,101.5 ,.308 ,.377 ,.527 ,50.7 ,47.2 ,8.5  ,6.3  ,.496 ,17.4 ,31.4 ,.217
253 ,Rutgers                   ,11      ,7  ,4  ,.636  ,8.38   ,1.84   , ,0     ,1 , ,6    ,1 , ,1    ,1  , ,751    ,679  , ,68.4            ,99.9  ,.373 ,.339 ,.496 ,47.5 ,52.7 ,10.9 ,16.8 ,.463 ,13.6 ,29.4 ,.243
254 ,Sacramento State          ,11      ,3  ,8  ,.273  ,-12.40 ,-0.07  , ,      ,  , ,2    ,2 , ,1    ,4  , ,817    ,811  , ,70.7            ,105.0 ,.319 ,.512 ,.547 ,57.2 ,61.4 ,6.9  ,8.4  ,.515 ,19.4 ,37.3 ,.230
255 ,Sacred Heart              ,14      ,5  ,9  ,.357  ,-10.20 ,-4.43  , ,      ,  , ,3    ,3 , ,1    ,6  , ,1000   ,1031 , ,72.0            ,99.1  ,.301 ,.315 ,.512 ,46.5 ,43.5 ,13.7 ,13.4 ,.482 ,15.1 ,26.8 ,.205
256 ,Saint Francis (PA)        ,12      ,4  ,8  ,.333  ,-15.06 ,-1.36  , ,      ,  , ,2    ,3 , ,2    ,5  , ,782    ,852  , ,67.8            ,96.1  ,.306 ,.348 ,.495 ,47.9 ,50.3 ,10.6 ,9.3  ,.465 ,17.4 ,33.0 ,.203
257 ,Saint Joseph's            ,12      ,9  ,3  ,.750  ,9.36   ,-1.56  , ,      ,  , ,6    ,1 , ,1    ,2  , ,916    ,785  , ,68.7            ,110.0 ,.251 ,.504 ,.568 ,51.2 ,60.1 ,9.8  ,11.4 ,.545 ,15.2 ,29.1 ,.182
258 ,Saint Louis               ,13      ,7  ,6  ,.538  ,-2.05  ,2.54   , ,      ,  , ,6    ,1 , ,0    ,3  , ,962    ,981  , ,70.0            ,105.7 ,.420 ,.357 ,.558 ,47.5 ,48.1 ,9.5  ,6.6  ,.515 ,15.0 ,23.4 ,.307
259 ,Saint Mary's (CA)         ,14      ,8  ,6  ,.571  ,13.91  ,7.91   , ,      ,  , ,6    ,3 , ,1    ,0  , ,989    ,832  , ,64.5            ,107.6 ,.285 ,.360 ,.511 ,58.8 ,55.7 ,10.2 ,12.5 ,.487 ,14.5 ,42.4 ,.185
260 ,Saint Peter's             ,10      ,5  ,5  ,.500  ,-6.24  ,-4.02  , ,2     ,0 , ,2    ,1 , ,3    ,4  , ,629    ,646  , ,65.5            ,96.0  ,.383 ,.371 ,.481 ,52.6 ,45.5 ,11.6 ,10.4 ,.432 ,17.3 ,37.1 ,.273
261 ,Sam Houston               ,13      ,6  ,7  ,.462  ,-5.12  ,-2.87  , ,      ,  , ,3    ,2 , ,2    ,5  , ,924    ,934  , ,71.0            ,98.3  ,.380 ,.373 ,.504 ,50.1 ,55.7 ,10.6 ,6.5  ,.457 ,16.1 ,30.2 ,.275
262 ,Samford                   ,13      ,11 ,2  ,.846  ,6.33   ,-3.49  , ,      ,  , ,9    ,0 , ,2    ,2  , ,1173   ,975  , ,77.5            ,116.5 ,.320 ,.407 ,.597 ,52.2 ,64.5 ,13.8 ,11.4 ,.570 ,16.6 ,35.9 ,.234
263 ,San Diego                 ,13      ,9  ,4  ,.692  ,-1.64  ,-1.89  , ,      ,  , ,8    ,0 , ,0    ,3  , ,948    ,941  , ,72.1            ,101.1 ,.339 ,.337 ,.529 ,50.9 ,50.2 ,9.5  ,10.4 ,.490 ,16.8 ,29.2 ,.249
264 ,San Diego State           ,12      ,10 ,2  ,.833  ,15.58  ,7.98   , ,      ,  , ,6    ,0 , ,1    ,2  , ,926    ,796  , ,68.9            ,109.6 ,.384 ,.373 ,.543 ,52.5 ,54.7 ,11.8 ,10.3 ,.501 ,13.2 ,31.5 ,.283
265 ,San Francisco             ,14      ,10 ,4  ,.714  ,12.56  ,1.02   , ,      ,  , ,7    ,0 , ,1    ,2  , ,1066   ,847  , ,68.8            ,110.7 ,.224 ,.404 ,.583 ,55.7 ,55.0 ,13.0 ,12.0 ,.561 ,17.2 ,33.9 ,.167
266 ,San Jose State            ,13      ,7  ,6  ,.538  ,-0.52  ,-1.77  , ,      ,  , ,5    ,1 , ,0    ,4  , ,984    ,924  , ,68.2            ,108.8 ,.275 ,.425 ,.565 ,48.6 ,52.1 ,8.8  ,9.7  ,.546 ,13.8 ,24.6 ,.186
267 ,Santa Clara               ,14      ,9  ,5  ,.643  ,5.02   ,1.79   , ,      ,  , ,5    ,1 , ,1    ,2  , ,1099   ,1020 , ,71.2            ,110.2 ,.293 ,.373 ,.572 ,53.3 ,53.6 ,7.2  ,7.2  ,.549 ,16.6 ,33.1 ,.204
268 ,Seattle                   ,12      ,7  ,5  ,.583  ,6.62   ,0.89   , ,1     ,1 , ,7    ,2 , ,0    ,3  , ,912    ,794  , ,69.1            ,106.7 ,.367 ,.384 ,.555 ,53.1 ,52.5 ,9.4  ,9.1  ,.517 ,16.3 ,30.8 ,.269
269 ,Seton Hall                ,13      ,8  ,5  ,.615  ,8.23   ,3.31   , ,1     ,1 , ,7    ,1 , ,0    ,2  , ,961    ,897  , ,67.4            ,109.7 ,.329 ,.294 ,.541 ,53.7 ,48.3 ,12.0 ,11.9 ,.502 ,15.4 ,39.1 ,.247
270 ,Siena                     ,12      ,2  ,10 ,.167  ,-23.47 ,-5.55  , ,1     ,1 , ,2    ,3 , ,0    ,5  , ,708    ,923  , ,68.4            ,86.2  ,.289 ,.337 ,.452 ,51.1 ,48.1 ,7.8  ,11.4 ,.433 ,20.3 ,35.9 ,.161
271 ,South Alabama             ,12      ,7  ,5  ,.583  ,-4.72  ,-2.27  , ,      ,  , ,5    ,2 , ,2    ,3  , ,893    ,895  , ,69.1            ,104.4 ,.344 ,.377 ,.534 ,47.1 ,39.9 ,8.8  ,6.8  ,.494 ,12.7 ,23.8 ,.253
272 ,South Carolina            ,12      ,11 ,1  ,.917  ,9.80   ,-0.96  , ,      ,  , ,7    ,0 , ,1    ,1  , ,887    ,758  , ,65.4            ,113.1 ,.310 ,.429 ,.552 ,53.3 ,57.2 ,8.0  ,8.7  ,.521 ,12.5 ,32.9 ,.223
273 ,South Carolina State      ,14      ,4  ,10 ,.286  ,-15.57 ,-1.41  , ,      ,  , ,4    ,1 , ,0    ,9  , ,1004   ,1149 , ,72.9            ,97.5  ,.349 ,.278 ,.485 ,52.9 ,55.9 ,11.3 ,10.0 ,.450 ,17.3 ,39.7 ,.231
274 ,South Carolina Upstate    ,12      ,4  ,8  ,.333  ,-9.91  ,-0.81  , ,      ,  , ,2    ,2 , ,2    ,6  , ,843    ,841  , ,69.0            ,100.7 ,.286 ,.400 ,.513 ,47.1 ,52.3 ,12.2 ,8.7  ,.490 ,14.6 ,26.5 ,.185
275 ,South Dakota              ,13      ,7  ,6  ,.538  ,-11.20 ,-5.30  , ,      ,  , ,5    ,1 , ,1    ,4  , ,1029   ,982  , ,72.0            ,109.9 ,.342 ,.347 ,.552 ,54.4 ,47.3 ,6.0  ,4.9  ,.522 ,16.1 ,37.7 ,.239
276 ,South Dakota State        ,13      ,6  ,7  ,.462  ,-1.62  ,2.48   , ,      ,  , ,3    ,2 , ,1    ,1  , ,971    ,930  , ,70.3            ,106.2 ,.260 ,.434 ,.545 ,50.1 ,46.9 ,10.3 ,11.9 ,.530 ,14.9 ,27.7 ,.165
277 ,South Florida             ,10      ,6  ,4  ,.600  ,4.41   ,-2.69  , ,      ,  , ,5    ,2 , ,0    ,2  , ,769    ,698  , ,72.2            ,106.5 ,.399 ,.365 ,.526 ,50.4 ,56.7 ,10.9 ,8.7  ,.480 ,13.4 ,30.9 ,.292
278 ,Southeast Missouri State  ,12      ,4  ,8  ,.333  ,-18.45 ,0.22   , ,      ,  , ,4    ,1 , ,0    ,6  , ,834    ,896  , ,72.3            ,96.1  ,.303 ,.397 ,.504 ,48.6 ,53.8 ,7.7  ,7.2  ,.476 ,16.2 ,26.0 ,.202
279 ,Southeastern Louisiana    ,12      ,4  ,8  ,.333  ,-12.49 ,1.81   , ,      ,  , ,3    ,0 , ,1    ,6  , ,796    ,874  , ,68.3            ,97.1  ,.315 ,.372 ,.505 ,49.5 ,56.9 ,10.4 ,4.7  ,.472 ,17.3 ,30.7 ,.218
280 ,Southern                  ,12      ,5  ,7  ,.417  ,-6.00  ,8.00   , ,      ,  , ,3    ,0 , ,2    ,7  , ,875    ,934  , ,74.0            ,97.5  ,.298 ,.378 ,.519 ,45.1 ,49.5 ,14.3 ,6.9  ,.492 ,17.0 ,26.3 ,.202
281 ,Southern California       ,11      ,6  ,5  ,.545  ,9.99   ,4.53   , ,      ,  , ,3    ,2 , ,1    ,1  , ,864    ,804  , ,71.7            ,108.3 ,.423 ,.395 ,.558 ,51.3 ,54.7 ,9.0  ,13.3 ,.517 ,16.2 ,32.2 ,.305
282 ,Southern Illinois         ,12      ,8  ,4  ,.667  ,9.14   ,-1.14  , ,0     ,1 , ,7    ,1 , ,0    ,2  , ,919    ,775  , ,66.2            ,115.6 ,.393 ,.406 ,.599 ,49.7 ,59.1 ,8.9  ,9.3  ,.566 ,14.5 ,27.3 ,.289
283 ,SIU Edwardsville          ,13      ,7  ,6  ,.538  ,-7.68  ,-1.98  , ,      ,  , ,5    ,0 , ,0    ,6  , ,939    ,904  , ,65.6            ,110.1 ,.363 ,.346 ,.537 ,50.8 ,46.3 ,10.9 ,14.0 ,.502 ,12.9 ,32.5 ,.255
284 ,Southern Indiana          ,13      ,3  ,10 ,.231  ,-12.16 ,4.44   , ,      ,  , ,3    ,3 , ,0    ,7  , ,844    ,917  , ,69.9            ,92.8  ,.272 ,.364 ,.488 ,50.7 ,54.1 ,8.7  ,11.5 ,.458 ,17.1 ,27.8 ,.185
285 ,Southern Methodist        ,13      ,9  ,4  ,.692  ,13.79  ,0.04   , ,      ,  , ,6    ,2 , ,2    ,1  , ,993    ,809  , ,68.7            ,111.2 ,.279 ,.349 ,.551 ,53.7 ,56.5 ,12.3 ,13.0 ,.531 ,15.2 ,37.2 ,.185
286 ,Southern Mississippi      ,12      ,6  ,6  ,.500  ,-8.94  ,-3.64  , ,      ,  , ,3    ,1 , ,3    ,2  , ,840    ,840  , ,68.7            ,101.8 ,.371 ,.335 ,.512 ,51.4 ,51.0 ,11.3 ,12.1 ,.473 ,15.1 ,32.8 ,.256
287 ,Southern Utah             ,12      ,4  ,8  ,.333  ,-3.70  ,0.21   , ,0     ,2 , ,3    ,1 , ,0    ,7  , ,919    ,927  , ,70.3            ,107.7 ,.348 ,.362 ,.529 ,48.2 ,40.8 ,9.3  ,4.3  ,.492 ,12.8 ,30.5 ,.250
288 ,St. Bonaventure           ,11      ,8  ,3  ,.727  ,8.97   ,-1.94  , ,      ,  , ,5    ,1 , ,2    ,0  , ,830    ,710  , ,66.7            ,113.2 ,.269 ,.405 ,.589 ,52.8 ,53.5 ,9.7  ,12.5 ,.560 ,15.4 ,32.2 ,.208
289 ,St. John's (NY)           ,12      ,8  ,4  ,.667  ,14.73  ,4.98   , ,1     ,1 , ,5    ,1 , ,1    ,1  , ,946    ,829  , ,70.3            ,112.1 ,.254 ,.336 ,.528 ,54.2 ,56.3 ,10.8 ,14.1 ,.502 ,13.9 ,42.0 ,.179
290 ,St. Thomas                ,13      ,8  ,5  ,.615  ,-2.43  ,-3.73  , ,      ,  , ,5    ,0 , ,2    ,4  , ,943    ,812  , ,64.1            ,113.2 ,.258 ,.448 ,.571 ,51.4 ,57.9 ,8.4  ,7.5  ,.546 ,13.5 ,28.8 ,.189
291 ,Stanford                  ,10      ,5  ,5  ,.500  ,5.44   ,1.64   , ,      ,  , ,5    ,1 , ,0    ,1  , ,784    ,746  , ,71.5            ,107.0 ,.266 ,.414 ,.571 ,49.5 ,60.7 ,8.2  ,7.4  ,.548 ,15.6 ,22.8 ,.192
292 ,Stephen F. Austin         ,12      ,7  ,5  ,.583  ,0.28   ,-1.32  , ,1     ,1 , ,3    ,2 , ,2    ,2  , ,935    ,834  , ,74.0            ,103.2 ,.397 ,.341 ,.552 ,54.4 ,48.9 ,13.0 ,8.5  ,.517 ,20.5 ,37.4 ,.278
293 ,Stetson                   ,13      ,7  ,6  ,.538  ,-4.99  ,1.61   , ,      ,  , ,3    ,0 , ,2    ,6  , ,1021   ,907  , ,68.0            ,115.5 ,.238 ,.445 ,.580 ,51.0 ,56.3 ,8.1  ,7.2  ,.548 ,14.3 ,31.8 ,.195
294 ,Stonehill                 ,14      ,2  ,12 ,.143  ,-21.40 ,0.06   , ,      ,  , ,2    ,2 , ,0    ,10 , ,895    ,1147 , ,71.2            ,89.8  ,.241 ,.459 ,.489 ,43.1 ,47.5 ,9.5  ,8.0  ,.463 ,17.1 ,21.6 ,.164
295 ,Stony Brook               ,12      ,6  ,6  ,.500  ,-7.09  ,-1.09  , ,      ,  , ,5    ,1 , ,1    ,5  , ,860    ,885  , ,69.0            ,102.9 ,.290 ,.410 ,.516 ,49.7 ,47.5 ,9.9  ,10.0 ,.486 ,14.4 ,29.7 ,.202
296 ,Syracuse                  ,12      ,9  ,3  ,.750  ,8.95   ,4.68   , ,0     ,1 , ,6    ,0 , ,1    ,1  , ,938    ,842  , ,73.2            ,106.7 ,.285 ,.347 ,.543 ,49.8 ,48.3 ,12.5 ,13.5 ,.513 ,14.6 ,29.7 ,.206
297 ,Tarleton State            ,12      ,8  ,4  ,.667  ,-3.26  ,-0.14  , ,2     ,0 , ,4    ,1 , ,2    ,3  , ,843    ,756  , ,67.7            ,103.8 ,.289 ,.292 ,.510 ,52.0 ,45.7 ,15.0 ,10.3 ,.473 ,15.5 ,36.5 ,.215
298 ,TCU                       ,11      ,9  ,2  ,.818  ,13.02  ,-5.35  , ,      ,  , ,6    ,0 , ,1    ,0  , ,973    ,771  , ,74.9            ,118.1 ,.370 ,.296 ,.591 ,56.1 ,63.2 ,14.8 ,12.1 ,.552 ,14.4 ,37.0 ,.286
299 ,Temple                    ,12      ,6  ,6  ,.500  ,-1.96  ,0.04   , ,      ,  , ,3    ,2 , ,2    ,1  , ,906    ,898  , ,70.3            ,104.1 ,.346 ,.439 ,.503 ,49.8 ,46.7 ,10.1 ,8.5  ,.456 ,12.3 ,31.5 ,.258
300 ,Tennessee                 ,12      ,9  ,3  ,.750  ,19.35  ,7.76   , ,      ,  , ,6    ,0 , ,1    ,1  , ,925    ,786  , ,70.5            ,109.3 ,.347 ,.405 ,.545 ,53.0 ,62.0 ,10.0 ,13.5 ,.501 ,13.1 ,32.1 ,.266
301 ,Tennessee State           ,13      ,7  ,6  ,.538  ,-6.95  ,-1.39  , ,      ,  , ,5    ,0 , ,1    ,5  , ,999    ,934  , ,71.4            ,106.6 ,.319 ,.357 ,.536 ,50.0 ,47.9 ,10.2 ,7.3  ,.501 ,14.3 ,30.6 ,.231
302 ,Tennessee Tech            ,13      ,5  ,8  ,.385  ,-14.30 ,-1.90  , ,      ,  , ,4    ,2 , ,1    ,6  , ,921    ,1000 , ,69.8            ,100.5 ,.302 ,.373 ,.545 ,47.1 ,48.1 ,6.4  ,7.3  ,.518 ,14.9 ,17.1 ,.211
303 ,Tennessee-Martin          ,13      ,7  ,6  ,.538  ,-7.04  ,-0.70  , ,      ,  , ,5    ,0 , ,2    ,5  , ,1106   ,1056 , ,77.9            ,107.2 ,.269 ,.390 ,.553 ,52.1 ,47.1 ,9.0  ,5.9  ,.525 ,14.2 ,26.7 ,.197
304 ,Texas                     ,11      ,9  ,2  ,.818  ,11.01  ,-1.81  , ,      ,  , ,7    ,0 , ,0    ,1  , ,878    ,737  , ,70.3            ,113.6 ,.312 ,.327 ,.582 ,52.4 ,58.6 ,11.0 ,13.7 ,.553 ,15.0 ,31.0 ,.231
305 ,Texas A&M                 ,12      ,8  ,4  ,.667  ,17.43  ,9.18   , ,      ,  , ,4    ,1 , ,2    ,1  , ,911    ,812  , ,65.3            ,116.2 ,.347 ,.389 ,.517 ,56.6 ,47.8 ,11.1 ,9.5  ,.476 ,11.5 ,45.1 ,.253
306 ,Texas A&M-Commerce        ,12      ,6  ,6  ,.500  ,-10.25 ,5.08   , ,      ,  , ,5    ,1 , ,1    ,5  , ,923    ,882  , ,70.9            ,106.2 ,.244 ,.489 ,.554 ,47.9 ,60.7 ,12.0 ,15.8 ,.532 ,15.3 ,26.1 ,.173
307 ,Texas A&M-Corpus Christi  ,12      ,6  ,6  ,.500  ,-9.70  ,-1.81  , ,      ,  , ,4    ,1 , ,2    ,4  , ,916    ,811  , ,73.7            ,103.6 ,.341 ,.306 ,.511 ,55.7 ,55.5 ,13.3 ,8.7  ,.478 ,14.8 ,35.2 ,.232
308 ,Texas Southern            ,10      ,1  ,9  ,.100  ,-9.92  ,7.68   , ,      ,  , ,0    ,1 , ,0    ,7  , ,614    ,790  , ,69.5            ,88.3  ,.235 ,.362 ,.442 ,46.0 ,43.0 ,9.2  ,9.6  ,.416 ,15.1 ,27.9 ,.150
309 ,Texas State               ,12      ,6  ,6  ,.500  ,-4.39  ,3.22   , ,      ,  , ,3    ,0 , ,3    ,4  , ,840    ,825  , ,69.3            ,101.0 ,.369 ,.269 ,.515 ,53.0 ,50.6 ,10.1 ,10.8 ,.488 ,17.4 ,36.0 ,.235
310 ,Texas Tech                ,11      ,9  ,2  ,.818  ,10.92  ,0.74   , ,      ,  , ,6    ,0 , ,0    ,1  , ,833    ,721  , ,67.4            ,111.1 ,.338 ,.422 ,.556 ,54.2 ,57.5 ,9.2  ,9.7  ,.514 ,15.0 ,34.6 ,.264
311 ,Texas-Rio Grande Valley   ,12      ,3  ,9  ,.250  ,-14.31 ,0.09   , ,0     ,2 , ,2    ,2 , ,1    ,5  , ,881    ,955  , ,75.9            ,96.7  ,.449 ,.313 ,.512 ,45.4 ,54.0 ,12.8 ,9.0  ,.465 ,16.9 ,26.0 ,.312
312 ,The Citadel               ,12      ,7  ,5  ,.583  ,-2.02  ,-4.72  , ,      ,  , ,3    ,1 , ,2    ,4  , ,848    ,775  , ,66.9            ,105.7 ,.344 ,.356 ,.543 ,54.0 ,43.5 ,7.7  ,8.4  ,.508 ,15.2 ,29.7 ,.247
313 ,Toledo                    ,12      ,6  ,6  ,.500  ,3.06   ,3.98   , ,      ,  , ,4    ,2 , ,2    ,1  , ,947    ,958  , ,71.8            ,110.0 ,.331 ,.276 ,.557 ,49.1 ,47.2 ,10.9 ,7.0  ,.518 ,14.2 ,30.5 ,.253
314 ,Towson                    ,12      ,6  ,6  ,.500  ,-1.39  ,0.37   , ,      ,  , ,4    ,0 , ,2    ,1  , ,785    ,806  , ,63.2            ,101.4 ,.386 ,.327 ,.483 ,57.9 ,42.4 ,9.0  ,12.4 ,.453 ,16.5 ,44.1 ,.239
315 ,Troy                      ,12      ,6  ,6  ,.500  ,-4.97  ,-3.64  , ,      ,  , ,6    ,1 , ,0    ,5  , ,999    ,854  , ,72.5            ,111.4 ,.371 ,.406 ,.552 ,54.8 ,55.0 ,13.0 ,8.4  ,.518 ,16.4 ,38.7 ,.263
316 ,Tulane                    ,11      ,8  ,3  ,.727  ,5.32   ,-2.77  , ,      ,  , ,6    ,1 , ,1    ,0  , ,983    ,894  , ,76.2            ,114.7 ,.557 ,.368 ,.624 ,45.5 ,50.2 ,13.5 ,10.4 ,.581 ,14.2 ,17.8 ,.416
317 ,Tulsa                     ,11      ,8  ,3  ,.727  ,1.03   ,-7.34  , ,      ,  , ,8    ,0 , ,0    ,2  , ,831    ,739  , ,72.5            ,103.1 ,.469 ,.392 ,.544 ,49.0 ,49.8 ,13.3 ,8.6  ,.491 ,17.4 ,28.8 ,.347
318 ,UAB                       ,12      ,7  ,5  ,.583  ,-2.63  ,-0.73  , ,      ,  , ,4    ,3 , ,2    ,1  , ,917    ,902  , ,68.4            ,109.6 ,.407 ,.309 ,.535 ,52.7 ,47.7 ,11.1 ,11.8 ,.492 ,14.0 ,36.5 ,.292
319 ,UC Davis                  ,11      ,5  ,6  ,.455  ,-5.41  ,-3.19  , ,      ,  , ,3    ,3 , ,1    ,3  , ,790    ,752  , ,69.3            ,103.7 ,.392 ,.371 ,.551 ,51.8 ,48.9 ,10.8 ,10.8 ,.520 ,19.2 ,34.1 ,.268
320 ,UC Irvine                 ,12      ,7  ,5  ,.583  ,10.29  ,3.84   , ,      ,  , ,3    ,0 , ,1    ,5  , ,951    ,820  , ,71.0            ,111.8 ,.309 ,.298 ,.564 ,54.5 ,57.9 ,9.6  ,8.3  ,.538 ,14.9 ,32.8 ,.218
321 ,UC Riverside              ,12      ,5  ,7  ,.417  ,-5.84  ,1.96   , ,      ,  , ,4    ,1 , ,0    ,6  , ,830    ,855  , ,67.1            ,103.1 ,.241 ,.433 ,.491 ,51.7 ,58.2 ,8.0  ,4.3  ,.461 ,11.8 ,32.5 ,.173
322 ,UC San Diego              ,12      ,6  ,6  ,.500  ,1.74   ,0.74   , ,      ,  , ,5    ,1 , ,1    ,4  , ,918    ,818  , ,68.2            ,111.0 ,.305 ,.444 ,.558 ,49.8 ,50.9 ,9.1  ,8.8  ,.522 ,13.1 ,29.0 ,.234
323 ,UC Santa Barbara          ,10      ,7  ,3  ,.700  ,0.60   ,-1.78  , ,      ,  , ,5    ,1 , ,1    ,2  , ,827    ,746  , ,72.3            ,114.4 ,.377 ,.294 ,.604 ,57.4 ,53.1 ,5.4  ,9.0  ,.577 ,16.7 ,32.4 ,.269
324 ,UCLA                      ,11      ,5  ,6  ,.455  ,5.26   ,1.76   , ,      ,  , ,4    ,2 , ,0    ,1  , ,745    ,682  , ,66.7            ,101.5 ,.404 ,.265 ,.509 ,54.2 ,50.2 ,9.1  ,12.0 ,.461 ,15.1 ,33.3 ,.292
325 ,UNC Asheville             ,14      ,8  ,6  ,.571  ,-4.64  ,0.55   , ,      ,  , ,5    ,1 , ,0    ,3  , ,1140   ,1033 , ,72.5            ,110.4 ,.432 ,.418 ,.567 ,51.4 ,62.3 ,8.1  ,10.6 ,.531 ,15.4 ,31.6 ,.305
326 ,UNC Greensboro            ,12      ,9  ,3  ,.750  ,-0.24  ,-3.74  , ,      ,  , ,5    ,0 , ,1    ,3  , ,984    ,839  , ,69.3            ,117.1 ,.267 ,.428 ,.585 ,52.7 ,52.1 ,8.9  ,6.5  ,.563 ,12.0 ,29.1 ,.193
327 ,UNC Wilmington            ,11      ,9  ,2  ,.818  ,0.52   ,-1.74  , ,      ,  , ,3    ,0 , ,5    ,1  , ,939    ,777  , ,70.2            ,120.1 ,.358 ,.391 ,.589 ,49.8 ,44.3 ,9.7  ,6.7  ,.556 ,10.8 ,26.8 ,.267
328 ,UT Arlington              ,12      ,6  ,6  ,.500  ,-1.24  ,5.06   , ,1     ,1 , ,5    ,1 , ,0    ,5  , ,877    ,872  , ,71.1            ,102.8 ,.346 ,.436 ,.534 ,54.7 ,65.7 ,9.5  ,8.7  ,.496 ,18.5 ,36.1 ,.251
329 ,Utah                      ,11      ,9  ,2  ,.818  ,19.04  ,6.85   , ,      ,  , ,6    ,0 , ,1    ,0  , ,887    ,753  , ,71.2            ,113.3 ,.314 ,.364 ,.580 ,54.0 ,60.4 ,10.2 ,12.1 ,.555 ,15.1 ,30.1 ,.224
330 ,Utah State                ,13      ,12 ,1  ,.923  ,12.57  ,1.75   , ,      ,  , ,6    ,0 , ,2    ,1  , ,1057   ,854  , ,70.9            ,113.7 ,.360 ,.318 ,.574 ,55.3 ,59.1 ,11.2 ,11.9 ,.548 ,14.1 ,32.1 ,.248
331 ,Utah Tech                 ,12      ,5  ,7  ,.417  ,-7.59  ,-0.22  , ,2     ,0 , ,1    ,2 , ,4    ,5  , ,832    ,901  , ,70.8            ,96.9  ,.350 ,.338 ,.527 ,46.8 ,50.3 ,9.1  ,12.3 ,.497 ,18.1 ,26.3 ,.235
332 ,Utah Valley               ,12      ,6  ,6  ,.500  ,-1.94  ,2.56   , ,1     ,1 , ,4    ,1 , ,1    ,4  , ,817    ,819  , ,68.9            ,97.7  ,.344 ,.326 ,.516 ,49.1 ,58.5 ,10.3 ,10.8 ,.483 ,15.8 ,24.8 ,.233
333 ,UTEP                      ,13      ,8  ,5  ,.615  ,-2.29  ,-0.39  , ,      ,  , ,7    ,1 , ,0    ,3  , ,1013   ,904  , ,73.6            ,105.9 ,.488 ,.309 ,.548 ,51.8 ,55.2 ,15.4 ,10.6 ,.509 ,17.1 ,34.1 ,.332
334 ,UTSA                      ,12      ,5  ,7  ,.417  ,-11.33 ,-6.42  , ,      ,  , ,4    ,2 , ,1    ,5  , ,920    ,941  , ,72.2            ,105.1 ,.335 ,.446 ,.515 ,50.6 ,53.8 ,7.0  ,11.7 ,.482 ,13.4 ,31.6 ,.230
335 ,Valparaiso                ,12      ,4  ,8  ,.333  ,-8.91  ,-1.64  , ,0     ,2 , ,4    ,4 , ,0    ,4  , ,801    ,842  , ,69.6            ,95.8  ,.261 ,.366 ,.479 ,46.4 ,51.5 ,10.5 ,10.2 ,.447 ,14.0 ,28.2 ,.183
336 ,Vanderbilt                ,12      ,4  ,8  ,.333  ,-3.84  ,0.24   , ,      ,  , ,4    ,4 , ,0    ,1  , ,821    ,870  , ,68.0            ,100.6 ,.375 ,.425 ,.505 ,50.8 ,45.8 ,9.1  ,7.2  ,.461 ,14.4 ,29.7 ,.268
337 ,Vermont                   ,14      ,9  ,5  ,.643  ,2.81   ,0.90   , ,      ,  , ,5    ,1 , ,2    ,3  , ,1027   ,904  , ,64.6            ,113.5 ,.255 ,.468 ,.584 ,51.1 ,50.8 ,7.3  ,8.2  ,.569 ,13.6 ,25.1 ,.171
338 ,Villanova                 ,13      ,9  ,4  ,.692  ,15.50  ,5.42   , ,2     ,0 , ,4    ,1 , ,2    ,2  , ,957    ,826  , ,65.2            ,109.7 ,.325 ,.486 ,.543 ,53.5 ,49.2 ,8.9  ,6.4  ,.494 ,13.1 ,30.4 ,.266
339 ,Virginia                  ,11      ,9  ,2  ,.818  ,13.72  ,3.54   , ,1     ,0 , ,7    ,0 , ,0    ,1  , ,722    ,610  , ,62.5            ,105.1 ,.308 ,.344 ,.539 ,48.1 ,64.5 ,14.0 ,17.1 ,.515 ,12.8 ,25.1 ,.205
340 ,Virginia Commonwealth     ,12      ,7  ,5  ,.583  ,10.28  ,3.37   , ,      ,  , ,6    ,3 , ,0    ,0  , ,872    ,789  , ,66.5            ,108.2 ,.385 ,.463 ,.574 ,53.0 ,57.7 ,9.4  ,13.2 ,.530 ,17.8 ,31.1 ,.298
341 ,VMI                       ,13      ,3  ,10 ,.231  ,-15.33 ,-3.43  , ,      ,  , ,3    ,2 , ,0    ,6  , ,904    ,935  , ,71.7            ,96.9  ,.225 ,.366 ,.525 ,53.6 ,43.5 ,6.6  ,6.7  ,.508 ,20.1 ,32.0 ,.145
342 ,Virginia Tech             ,12      ,9  ,3  ,.750  ,13.00  ,3.16   , ,1     ,0 , ,7    ,0 , ,0    ,1  , ,891    ,773  , ,67.5            ,110.0 ,.405 ,.408 ,.569 ,53.2 ,64.7 ,9.1  ,7.2  ,.518 ,14.4 ,29.1 ,.321
343 ,Wagner                    ,11      ,5  ,6  ,.455  ,-14.56 ,-5.23  , ,      ,  , ,3    ,1 , ,2    ,5  , ,697    ,697  , ,64.4            ,97.3  ,.248 ,.410 ,.463 ,48.7 ,54.8 ,11.6 ,6.2  ,.433 ,12.2 ,30.9 ,.169
344 ,Wake Forest               ,11      ,8  ,3  ,.727  ,11.28  ,-1.27  , ,      ,  , ,7    ,0 , ,0    ,1  , ,890    ,752  , ,69.1            ,115.9 ,.346 ,.380 ,.593 ,50.0 ,43.6 ,8.7  ,12.3 ,.555 ,13.5 ,27.2 ,.272
345 ,Washington                ,11      ,8  ,3  ,.727  ,14.29  ,5.74   , ,      ,  , ,6    ,1 , ,1    ,0  , ,913    ,819  , ,72.0            ,111.5 ,.358 ,.336 ,.567 ,52.2 ,55.2 ,7.9  ,13.0 ,.537 ,15.3 ,33.3 ,.253
346 ,Washington State          ,11      ,9  ,2  ,.818  ,12.61  ,-2.30  , ,      ,  , ,7    ,0 , ,0    ,0  , ,851    ,687  , ,68.0            ,113.8 ,.317 ,.329 ,.560 ,56.1 ,45.1 ,9.6  ,15.8 ,.539 ,13.0 ,34.1 ,.212
347 ,Weber State               ,11      ,7  ,4  ,.636  ,3.40   ,1.03   , ,      ,  , ,4    ,0 , ,2    ,2  , ,816    ,650  , ,66.4            ,110.6 ,.342 ,.429 ,.563 ,51.6 ,51.4 ,9.6  ,3.4  ,.521 ,13.2 ,24.0 ,.268
348 ,West Virginia             ,12      ,5  ,7  ,.417  ,4.25   ,5.34   , ,      ,  , ,5    ,4 , ,0    ,0  , ,813    ,826  , ,67.3            ,100.6 ,.361 ,.360 ,.509 ,50.2 ,54.8 ,5.8  ,10.6 ,.465 ,14.4 ,28.2 ,.263
349 ,Western Carolina          ,12      ,10 ,2  ,.833  ,-0.42  ,-4.22  , ,      ,  , ,5    ,0 , ,5    ,2  , ,913    ,796  , ,69.2            ,110.0 ,.297 ,.376 ,.561 ,54.4 ,41.1 ,6.0  ,6.9  ,.539 ,14.1 ,29.2 ,.203
350 ,Western Illinois          ,13      ,7  ,6  ,.538  ,-10.20 ,-1.09  , ,      ,  , ,5    ,1 , ,2    ,5  , ,935    ,872  , ,69.6            ,101.4 ,.361 ,.334 ,.505 ,55.7 ,50.1 ,7.7  ,15.4 ,.486 ,16.1 ,36.4 ,.211
351 ,Western Kentucky          ,13      ,10 ,3  ,.769  ,-1.40  ,-3.60  , ,      ,  , ,5    ,0 , ,4    ,1  , ,1039   ,947  , ,77.2            ,103.5 ,.336 ,.321 ,.522 ,51.8 ,44.1 ,10.5 ,8.3  ,.490 ,14.5 ,30.8 ,.232
352 ,Western Michigan          ,11      ,2  ,9  ,.182  ,-8.78  ,0.13   , ,      ,  , ,0    ,4 , ,0    ,5  , ,730    ,828  , ,67.3            ,97.6  ,.310 ,.390 ,.499 ,50.6 ,47.7 ,8.3  ,5.9  ,.479 ,17.6 ,34.1 ,.187
353 ,Wichita State             ,12      ,8  ,4  ,.667  ,5.67   ,2.48   , ,      ,  , ,6    ,0 , ,1    ,1  , ,912    ,847  , ,71.3            ,106.7 ,.278 ,.320 ,.524 ,55.4 ,41.3 ,7.6  ,12.6 ,.494 ,13.5 ,34.4 ,.198
354 ,William & Mary            ,12      ,5  ,7  ,.417  ,-10.87 ,-5.07  , ,      ,  , ,5    ,0 , ,0    ,5  , ,931    ,885  , ,69.0            ,111.4 ,.391 ,.492 ,.575 ,51.3 ,53.6 ,6.5  ,3.8  ,.537 ,14.3 ,26.5 ,.288
355 ,Winthrop                  ,14      ,8  ,6  ,.571  ,0.17   ,-1.50  , ,      ,  , ,6    ,1 , ,2    ,5  , ,1071   ,956  , ,68.7            ,111.3 ,.483 ,.379 ,.563 ,51.4 ,47.4 ,9.6  ,8.3  ,.519 ,16.2 ,34.2 ,.346
356 ,Wisconsin                 ,12      ,9  ,3  ,.750  ,17.53  ,8.28   , ,1     ,0 , ,6    ,1 , ,1    ,2  , ,890    ,779  , ,65.6            ,113.1 ,.356 ,.333 ,.556 ,54.5 ,43.6 ,9.5  ,4.4  ,.513 ,12.8 ,33.7 ,.273
357 ,Wofford                   ,12      ,6  ,6  ,.500  ,-1.32  ,2.08   , ,      ,  , ,3    ,0 , ,3    ,3  , ,966    ,932  , ,71.4            ,110.5 ,.297 ,.441 ,.569 ,54.2 ,56.2 ,5.5  ,9.5  ,.552 ,15.3 ,29.7 ,.194
358 ,Wright State              ,12      ,6  ,6  ,.500  ,1.53   ,0.83   , ,1     ,0 , ,4    ,2 , ,0    ,3  , ,1009   ,936  , ,72.8            ,115.6 ,.280 ,.272 ,.596 ,52.2 ,43.1 ,9.2  ,8.4  ,.572 ,14.0 ,28.8 ,.206
359 ,Wyoming                   ,12      ,7  ,5  ,.583  ,-2.46  ,-0.56  , ,      ,  , ,4    ,1 , ,0    ,3  , ,905    ,855  , ,70.7            ,106.6 ,.442 ,.341 ,.580 ,52.2 ,48.5 ,8.6  ,9.3  ,.537 ,19.3 ,33.1 ,.329
360 ,Xavier                    ,13      ,7  ,6  ,.538  ,13.73  ,7.96   , ,1     ,1 , ,6    ,3 , ,0    ,2  , ,979    ,904  , ,71.8            ,104.8 ,.341 ,.319 ,.534 ,51.8 ,65.3 ,9.7  ,9.8  ,.500 ,15.3 ,32.6 ,.241
361 ,Yale                      ,13      ,7  ,6  ,.538  ,0.11   ,1.21   , ,      ,  , ,3    ,1 , ,2    ,4  , ,975    ,879  , ,67.2            ,109.6 ,.273 ,.327 ,.551 ,53.0 ,49.2 ,9.3  ,10.3 ,.520 ,13.2 ,29.6 ,.206
362 ,Youngstown State          ,13      ,10 ,3  ,.769  ,1.42   ,-0.58  , ,2     ,0 , ,7    ,0 , ,3    ,3  , ,1060   ,883  , ,72.0            ,113.2 ,.246 ,.408 ,.558 ,55.5 ,52.1 ,9.0  ,12.7 ,.534 ,13.7 ,34.7 ,.179